dataset,case_key,input_file,width,height,channels,method,method_family,variant_id,variant_label,repeat_index,param_name,param_value,bpp,psnr_db,ssim,mae,encode_time_s,decode_time_s,compressed_size_bytes,imcs_block_size,imcs_algorithm,imcs_basis,imcs_matrix_type,imcs_measurement_mode,imcs_measurement_dtype,imcs_block_mean_residual,imcs_color_mode,imcs_chroma_ratio_scale
kodak,kodim01,kodim01.png,768,512,1,jpeg,baseline,jpeg,JPEG,0,quality,50.0,1.182251,30.334317,0.895465,5.726089,0.000904,0.002486,58110,,,,,,,,,
kodak,kodim01,kodim01.png,768,512,1,jpeg,baseline,jpeg,JPEG,0,quality,70.0,1.610921,32.27586,0.929927,4.594055,0.000836,0.000919,79180,,,,,,,,,
kodak,kodim01,kodim01.png,768,512,1,imcs,imcs,imcs_omp_dct_shared_mean_float64_b8,IMCS OMP DCT shared + mean float64,0,compression_ratio,0.08,5.126221,18.807943,0.380306,19.751347,0.10171,1.352913,251964,8,omp,dct,gaussian,shared,float64,True,gray,
kodak,kodim01,kodim01.png,768,512,1,imcs,imcs,imcs_omp_dct_shared_mean_float64_b8,IMCS OMP DCT shared + mean float64,0,compression_ratio,0.12,7.126221,18.834686,0.4369,19.739643,0.134474,0.648307,350268,8,omp,dct,gaussian,shared,float64,True,gray,
kodak,kodim01,kodim01.png,768,512,1,imcs,imcs,imcs_omp_dct_shared_mean_float64_b8,IMCS OMP DCT shared + mean float64,0,compression_ratio,0.16,10.126221,18.918565,0.484292,19.579816,0.109741,0.682687,497724,8,omp,dct,gaussian,shared,float64,True,gray,
kodak,kodim01,kodim01.png,768,512,1,imcs,imcs,imcs_omp_dct_shared_mean_int16_b8,IMCS OMP DCT shared + mean int16,0,compression_ratio,0.08,1.376221,18.807887,0.380295,19.75156,0.097631,0.649005,67644,8,omp,dct,gaussian,shared,int16,True,gray,
kodak,kodim01,kodim01.png,768,512,1,imcs,imcs,imcs_omp_dct_shared_mean_int16_b8,IMCS OMP DCT shared + mean int16,0,compression_ratio,0.12,1.876221,18.834632,0.436896,19.739774,0.104407,0.660312,92220,8,omp,dct,gaussian,shared,int16,True,gray,
kodak,kodim01,kodim01.png,768,512,1,imcs,imcs,imcs_omp_dct_shared_mean_int16_b8,IMCS OMP DCT shared + mean int16,0,compression_ratio,0.16,2.626221,18.919035,0.484312,19.578798,0.110161,0.670872,129084,8,omp,dct,gaussian,shared,int16,True,gray,
kodak,kodim01,kodim01.png,768,512,1,imcs,imcs,imcs_omp_dct_shared_mean_int8_b8,IMCS OMP DCT shared + mean int8,0,compression_ratio,0.08,0.751221,18.807183,0.380608,19.752916,0.09832,0.619637,36924,8,omp,dct,gaussian,shared,int8,True,gray,
kodak,kodim01,kodim01.png,768,512,1,imcs,imcs,imcs_omp_dct_shared_mean_int8_b8,IMCS OMP DCT shared + mean int8,0,compression_ratio,0.12,1.001221,18.839414,0.437332,19.734629,0.103346,0.648831,49212,8,omp,dct,gaussian,shared,int8,True,gray,
kodak,kodim01,kodim01.png,768,512,1,imcs,imcs,imcs_omp_dct_shared_mean_int8_b8,IMCS OMP DCT shared + mean int8,0,compression_ratio,0.16,1.376221,18.918342,0.483941,19.588202,0.109947,0.69031,67644,8,omp,dct,gaussian,shared,int8,True,gray,
kodak,kodim02,kodim02.png,768,512,1,jpeg,baseline,jpeg,JPEG,0,quality,50.0,0.590149,34.781217,0.889276,3.199979,0.000675,0.000503,29007,,,,,,,,,
kodak,kodim02,kodim02.png,768,512,1,jpeg,baseline,jpeg,JPEG,0,quality,70.0,0.864319,36.45913,0.91905,2.677305,0.000732,0.000624,42483,,,,,,,,,
kodak,kodim02,kodim02.png,768,512,1,imcs,imcs,imcs_omp_dct_shared_mean_float64_b8,IMCS OMP DCT shared + mean float64,0,compression_ratio,0.08,5.126221,25.7894,0.688611,7.341952,0.101001,0.668592,251964,8,omp,dct,gaussian,shared,float64,True,gray,
kodak,kodim02,kodim02.png,768,512,1,imcs,imcs,imcs_omp_dct_shared_mean_float64_b8,IMCS OMP DCT shared + mean float64,0,compression_ratio,0.12,7.126221,25.650733,0.750592,7.486434,0.106031,0.663912,350268,8,omp,dct,gaussian,shared,float64,True,gray,
kodak,kodim02,kodim02.png,768,512,1,imcs,imcs,imcs_omp_dct_shared_mean_float64_b8,IMCS OMP DCT shared + mean float64,0,compression_ratio,0.16,10.126221,25.833894,0.72557,7.397096,0.111069,0.696555,497724,8,omp,dct,gaussian,shared,float64,True,gray,
kodak,kodim02,kodim02.png,768,512,1,imcs,imcs,imcs_omp_dct_shared_mean_int16_b8,IMCS OMP DCT shared + mean int16,0,compression_ratio,0.08,1.376221,25.789305,0.68859,7.341988,0.100631,0.641931,67644,8,omp,dct,gaussian,shared,int16,True,gray,
kodak,kodim02,kodim02.png,768,512,1,imcs,imcs,imcs_omp_dct_shared_mean_int16_b8,IMCS OMP DCT shared + mean int16,0,compression_ratio,0.12,1.876221,25.650181,0.750541,7.487281,0.104876,0.668421,92220,8,omp,dct,gaussian,shared,int16,True,gray,
kodak,kodim02,kodim02.png,768,512,1,imcs,imcs,imcs_omp_dct_shared_mean_int16_b8,IMCS OMP DCT shared + mean int16,0,compression_ratio,0.16,2.626221,25.833916,0.725575,7.396879,0.11273,0.707225,129084,8,omp,dct,gaussian,shared,int16,True,gray,
kodak,kodim02,kodim02.png,768,512,1,imcs,imcs,imcs_omp_dct_shared_mean_int8_b8,IMCS OMP DCT shared + mean int8,0,compression_ratio,0.08,0.751221,25.787934,0.688342,7.351646,0.099681,0.656545,36924,8,omp,dct,gaussian,shared,int8,True,gray,
kodak,kodim02,kodim02.png,768,512,1,imcs,imcs,imcs_omp_dct_shared_mean_int8_b8,IMCS OMP DCT shared + mean int8,0,compression_ratio,0.12,1.001221,25.643432,0.749976,7.500753,0.104187,0.670838,49212,8,omp,dct,gaussian,shared,int8,True,gray,
kodak,kodim02,kodim02.png,768,512,1,imcs,imcs,imcs_omp_dct_shared_mean_int8_b8,IMCS OMP DCT shared + mean int8,0,compression_ratio,0.16,1.376221,25.819595,0.727077,7.419361,0.112708,0.693353,67644,8,omp,dct,gaussian,shared,int8,True,gray,
kodak,kodim03,kodim03.png,768,512,1,jpeg,baseline,jpeg,JPEG,0,quality,50.0,0.537252,36.185909,0.935165,2.499217,0.000662,0.000504,26407,,,,,,,,,
kodak,kodim03,kodim03.png,768,512,1,jpeg,baseline,jpeg,JPEG,0,quality,70.0,0.744812,38.096398,0.954876,2.023435,0.000697,0.000552,36609,,,,,,,,,
kodak,kodim03,kodim03.png,768,512,1,imcs,imcs,imcs_omp_dct_shared_mean_float64_b8,IMCS OMP DCT shared + mean float64,0,compression_ratio,0.08,5.126221,24.772027,0.739634,7.509222,0.102458,0.726288,251964,8,omp,dct,gaussian,shared,float64,True,gray,
kodak,kodim03,kodim03.png,768,512,1,imcs,imcs,imcs_omp_dct_shared_mean_float64_b8,IMCS OMP DCT shared + mean float64,0,compression_ratio,0.12,7.126221,24.650367,0.727168,7.601469,0.107258,0.863924,350268,8,omp,dct,gaussian,shared,float64,True,gray,
kodak,kodim03,kodim03.png,768,512,1,imcs,imcs,imcs_omp_dct_shared_mean_float64_b8,IMCS OMP DCT shared + mean float64,0,compression_ratio,0.16,10.126221,24.937026,0.773216,7.354708,0.113964,0.802517,497724,8,omp,dct,gaussian,shared,float64,True,gray,
kodak,kodim03,kodim03.png,768,512,1,imcs,imcs,imcs_omp_dct_shared_mean_int16_b8,IMCS OMP DCT shared + mean int16,0,compression_ratio,0.08,1.376221,24.772017,0.739633,7.509066,0.102103,0.674579,67644,8,omp,dct,gaussian,shared,int16,True,gray,
kodak,kodim03,kodim03.png,768,512,1,imcs,imcs,imcs_omp_dct_shared_mean_int16_b8,IMCS OMP DCT shared + mean int16,0,compression_ratio,0.12,1.876221,24.650895,0.727199,7.600994,0.104149,0.692454,92220,8,omp,dct,gaussian,shared,int16,True,gray,
kodak,kodim03,kodim03.png,768,512,1,imcs,imcs,imcs_omp_dct_shared_mean_int16_b8,IMCS OMP DCT shared + mean int16,0,compression_ratio,0.16,2.626221,24.935753,0.773111,7.356561,0.112571,0.718363,129084,8,omp,dct,gaussian,shared,int16,True,gray,
kodak,kodim03,kodim03.png,768,512,1,imcs,imcs,imcs_omp_dct_shared_mean_int8_b8,IMCS OMP DCT shared + mean int8,0,compression_ratio,0.08,0.751221,24.762888,0.739225,7.52002,0.100406,0.674061,36924,8,omp,dct,gaussian,shared,int8,True,gray,
kodak,kodim03,kodim03.png,768,512,1,imcs,imcs,imcs_omp_dct_shared_mean_int8_b8,IMCS OMP DCT shared + mean int8,0,compression_ratio,0.12,1.001221,24.651912,0.726463,7.619035,0.105291,0.668252,49212,8,omp,dct,gaussian,shared,int8,True,gray,
kodak,kodim03,kodim03.png,768,512,1,imcs,imcs,imcs_omp_dct_shared_mean_int8_b8,IMCS OMP DCT shared + mean int8,0,compression_ratio,0.16,1.376221,24.911961,0.772123,7.388111,0.113577,0.685784,67644,8,omp,dct,gaussian,shared,int8,True,gray,
kodak,kodim04,kodim04.png,512,768,1,jpeg,baseline,jpeg,JPEG,0,quality,50.0,0.666748,34.975727,0.906664,3.178261,0.0007,0.000548,32772,,,,,,,,,
kodak,kodim04,kodim04.png,512,768,1,jpeg,baseline,jpeg,JPEG,0,quality,70.0,0.935689,36.598515,0.931869,2.650983,0.000719,0.000659,45991,,,,,,,,,
kodak,kodim04,kodim04.png,512,768,1,imcs,imcs,imcs_omp_dct_shared_mean_float64_b8,IMCS OMP DCT shared + mean float64,0,compression_ratio,0.08,5.126221,23.513056,0.737732,9.636141,0.100968,0.752747,251964,8,omp,dct,gaussian,shared,float64,True,gray,
kodak,kodim04,kodim04.png,512,768,1,imcs,imcs,imcs_omp_dct_shared_mean_float64_b8,IMCS OMP DCT shared + mean float64,0,compression_ratio,0.12,7.126221,23.63604,0.675729,9.669035,0.108939,1.19186,350268,8,omp,dct,gaussian,shared,float64,True,gray,
kodak,kodim04,kodim04.png,512,768,1,imcs,imcs,imcs_omp_dct_shared_mean_float64_b8,IMCS OMP DCT shared + mean float64,0,compression_ratio,0.16,10.126221,23.982859,0.734304,9.379208,0.124428,0.846564,497724,8,omp,dct,gaussian,shared,float64,True,gray,
kodak,kodim04,kodim04.png,512,768,1,imcs,imcs,imcs_omp_dct_shared_mean_int16_b8,IMCS OMP DCT shared + mean int16,0,compression_ratio,0.08,1.376221,23.513127,0.737741,9.635734,0.128758,0.762002,67644,8,omp,dct,gaussian,shared,int16,True,gray,
kodak,kodim04,kodim04.png,512,768,1,imcs,imcs,imcs_omp_dct_shared_mean_int16_b8,IMCS OMP DCT shared + mean int16,0,compression_ratio,0.12,1.876221,23.637273,0.675746,9.668312,0.105119,1.019068,92220,8,omp,dct,gaussian,shared,int16,True,gray,
kodak,kodim04,kodim04.png,512,768,1,imcs,imcs,imcs_omp_dct_shared_mean_int16_b8,IMCS OMP DCT shared + mean int16,0,compression_ratio,0.16,2.626221,23.982349,0.734285,9.379997,0.1816,0.986156,129084,8,omp,dct,gaussian,shared,int16,True,gray,
kodak,kodim04,kodim04.png,512,768,1,imcs,imcs,imcs_omp_dct_shared_mean_int8_b8,IMCS OMP DCT shared + mean int8,0,compression_ratio,0.08,0.751221,23.510888,0.736681,9.649946,0.160464,0.764651,36924,8,omp,dct,gaussian,shared,int8,True,gray,
kodak,kodim04,kodim04.png,512,768,1,imcs,imcs,imcs_omp_dct_shared_mean_int8_b8,IMCS OMP DCT shared + mean int8,0,compression_ratio,0.12,1.001221,23.639605,0.675744,9.674803,0.153026,1.143869,49212,8,omp,dct,gaussian,shared,int8,True,gray,
kodak,kodim04,kodim04.png,512,768,1,imcs,imcs,imcs_omp_dct_shared_mean_int8_b8,IMCS OMP DCT shared + mean int8,0,compression_ratio,0.16,1.376221,23.985507,0.733855,9.383979,0.172391,0.833045,67644,8,omp,dct,gaussian,shared,int8,True,gray,
kodak,kodim05,kodim05.png,768,512,1,jpeg,baseline,jpeg,JPEG,0,quality,50.0,1.289693,30.703335,0.921456,5.346148,0.000761,0.000784,63391,,,,,,,,,
kodak,kodim05,kodim05.png,768,512,1,jpeg,baseline,jpeg,JPEG,0,quality,70.0,1.716207,32.979282,0.949097,4.153567,0.000937,0.000979,84355,,,,,,,,,
kodak,kodim05,kodim05.png,768,512,1,imcs,imcs,imcs_omp_dct_shared_mean_float64_b8,IMCS OMP DCT shared + mean float64,0,compression_ratio,0.08,5.126221,17.428187,0.449717,22.633694,0.119073,0.777965,251964,8,omp,dct,gaussian,shared,float64,True,gray,
kodak,kodim05,kodim05.png,768,512,1,imcs,imcs,imcs_omp_dct_shared_mean_float64_b8,IMCS OMP DCT shared + mean float64,0,compression_ratio,0.12,7.126221,17.411409,0.443311,22.736324,0.105357,0.850674,350268,8,omp,dct,gaussian,shared,float64,True,gray,
kodak,kodim05,kodim05.png,768,512,1,imcs,imcs,imcs_omp_dct_shared_mean_float64_b8,IMCS OMP DCT shared + mean float64,0,compression_ratio,0.16,10.126221,17.555301,0.508804,22.297943,0.114167,1.198299,497724,8,omp,dct,gaussian,shared,float64,True,gray,
kodak,kodim05,kodim05.png,768,512,1,imcs,imcs,imcs_omp_dct_shared_mean_int16_b8,IMCS OMP DCT shared + mean int16,0,compression_ratio,0.08,1.376221,17.428187,0.449716,22.633643,0.101827,0.771865,67644,8,omp,dct,gaussian,shared,int16,True,gray,
kodak,kodim05,kodim05.png,768,512,1,imcs,imcs,imcs_omp_dct_shared_mean_int16_b8,IMCS OMP DCT shared + mean int16,0,compression_ratio,0.12,1.876221,17.411375,0.443303,22.736531,0.135102,0.783225,92220,8,omp,dct,gaussian,shared,int16,True,gray,
kodak,kodim05,kodim05.png,768,512,1,imcs,imcs,imcs_omp_dct_shared_mean_int16_b8,IMCS OMP DCT shared + mean int16,0,compression_ratio,0.16,2.626221,17.555261,0.508805,22.297942,0.113621,0.777437,129084,8,omp,dct,gaussian,shared,int16,True,gray,
kodak,kodim05,kodim05.png,768,512,1,imcs,imcs,imcs_omp_dct_shared_mean_int8_b8,IMCS OMP DCT shared + mean int8,0,compression_ratio,0.08,0.751221,17.425352,0.449712,22.639996,0.102338,0.656346,36924,8,omp,dct,gaussian,shared,int8,True,gray,
kodak,kodim05,kodim05.png,768,512,1,imcs,imcs,imcs_omp_dct_shared_mean_int8_b8,IMCS OMP DCT shared + mean int8,0,compression_ratio,0.12,1.001221,17.400423,0.443461,22.747615,0.108452,0.659503,49212,8,omp,dct,gaussian,shared,int8,True,gray,
kodak,kodim05,kodim05.png,768,512,1,imcs,imcs,imcs_omp_dct_shared_mean_int8_b8,IMCS OMP DCT shared + mean int8,0,compression_ratio,0.16,1.376221,17.546323,0.511961,22.323669,0.111051,0.688289,67644,8,omp,dct,gaussian,shared,int8,True,gray,
kodak,kodim06,kodim06.png,768,512,1,jpeg,baseline,jpeg,JPEG,0,quality,50.0,0.947388,31.839609,0.909535,4.483345,0.00079,0.000812,46566,,,,,,,,,
kodak,kodim06,kodim06.png,768,512,1,jpeg,baseline,jpeg,JPEG,0,quality,70.0,1.287476,33.943243,0.938716,3.564901,0.000767,0.000786,63282,,,,,,,,,
kodak,kodim06,kodim06.png,768,512,1,imcs,imcs,imcs_omp_dct_shared_mean_float64_b8,IMCS OMP DCT shared + mean float64,0,compression_ratio,0.08,5.126221,20.339265,0.545559,14.780073,0.106644,0.642161,251964,8,omp,dct,gaussian,shared,float64,True,gray,
kodak,kodim06,kodim06.png,768,512,1,imcs,imcs,imcs_omp_dct_shared_mean_float64_b8,IMCS OMP DCT shared + mean float64,0,compression_ratio,0.12,7.126221,20.194078,0.553932,14.940422,0.104761,0.663727,350268,8,omp,dct,gaussian,shared,float64,True,gray,
kodak,kodim06,kodim06.png,768,512,1,imcs,imcs,imcs_omp_dct_shared_mean_float64_b8,IMCS OMP DCT shared + mean float64,0,compression_ratio,0.16,10.126221,20.3552,0.598387,14.594334,0.114483,0.689173,497724,8,omp,dct,gaussian,shared,float64,True,gray,
kodak,kodim06,kodim06.png,768,512,1,imcs,imcs,imcs_omp_dct_shared_mean_int16_b8,IMCS OMP DCT shared + mean int16,0,compression_ratio,0.08,1.376221,20.339256,0.54555,14.780285,0.103956,0.642721,67644,8,omp,dct,gaussian,shared,int16,True,gray,
kodak,kodim06,kodim06.png,768,512,1,imcs,imcs,imcs_omp_dct_shared_mean_int16_b8,IMCS OMP DCT shared + mean int16,0,compression_ratio,0.12,1.876221,20.193544,0.553911,14.941051,0.109286,0.656678,92220,8,omp,dct,gaussian,shared,int16,True,gray,
kodak,kodim06,kodim06.png,768,512,1,imcs,imcs,imcs_omp_dct_shared_mean_int16_b8,IMCS OMP DCT shared + mean int16,0,compression_ratio,0.16,2.626221,20.355239,0.598391,14.594283,0.111616,0.693621,129084,8,omp,dct,gaussian,shared,int16,True,gray,
kodak,kodim06,kodim06.png,768,512,1,imcs,imcs,imcs_omp_dct_shared_mean_int8_b8,IMCS OMP DCT shared + mean int8,0,compression_ratio,0.08,0.751221,20.333669,0.545458,14.785017,0.104532,0.630425,36924,8,omp,dct,gaussian,shared,int8,True,gray,
kodak,kodim06,kodim06.png,768,512,1,imcs,imcs,imcs_omp_dct_shared_mean_int8_b8,IMCS OMP DCT shared + mean int8,0,compression_ratio,0.12,1.001221,20.185192,0.55643,14.955064,0.106813,0.664759,49212,8,omp,dct,gaussian,shared,int8,True,gray,
kodak,kodim06,kodim06.png,768,512,1,imcs,imcs,imcs_omp_dct_shared_mean_int8_b8,IMCS OMP DCT shared + mean int8,0,compression_ratio,0.16,1.376221,20.35459,0.598306,14.596282,0.111454,0.694518,67644,8,omp,dct,gaussian,shared,int8,True,gray,
kodak,kodim07,kodim07.png,768,512,1,jpeg,baseline,jpeg,JPEG,0,quality,50.0,0.672302,35.777099,0.95054,2.626483,0.000652,0.000512,33045,,,,,,,,,
kodak,kodim07,kodim07.png,768,512,1,jpeg,baseline,jpeg,JPEG,0,quality,70.0,0.89738,37.7523,0.964907,2.12028,0.000689,0.000593,44108,,,,,,,,,
kodak,kodim07,kodim07.png,768,512,1,imcs,imcs,imcs_omp_dct_shared_mean_float64_b8,IMCS OMP DCT shared + mean float64,0,compression_ratio,0.08,5.126221,21.462886,0.611398,12.397499,0.098446,0.640345,251964,8,omp,dct,gaussian,shared,float64,True,gray,
kodak,kodim07,kodim07.png,768,512,1,imcs,imcs,imcs_omp_dct_shared_mean_float64_b8,IMCS OMP DCT shared + mean float64,0,compression_ratio,0.12,7.126221,21.706883,0.63073,11.936026,0.107552,0.657906,350268,8,omp,dct,gaussian,shared,float64,True,gray,
kodak,kodim07,kodim07.png,768,512,1,imcs,imcs,imcs_omp_dct_shared_mean_float64_b8,IMCS OMP DCT shared + mean float64,0,compression_ratio,0.16,10.126221,21.933871,0.648754,11.540335,0.115945,0.683174,497724,8,omp,dct,gaussian,shared,float64,True,gray,
kodak,kodim07,kodim07.png,768,512,1,imcs,imcs,imcs_omp_dct_shared_mean_int16_b8,IMCS OMP DCT shared + mean int16,0,compression_ratio,0.08,1.376221,21.463102,0.611407,12.39746,0.102898,0.645159,67644,8,omp,dct,gaussian,shared,int16,True,gray,
kodak,kodim07,kodim07.png,768,512,1,imcs,imcs,imcs_omp_dct_shared_mean_int16_b8,IMCS OMP DCT shared + mean int16,0,compression_ratio,0.12,1.876221,21.70651,0.63072,11.936283,0.106358,0.66955,92220,8,omp,dct,gaussian,shared,int16,True,gray,
kodak,kodim07,kodim07.png,768,512,1,imcs,imcs,imcs_omp_dct_shared_mean_int16_b8,IMCS OMP DCT shared + mean int16,0,compression_ratio,0.16,2.626221,21.932674,0.64872,11.541065,0.116349,0.6981,129084,8,omp,dct,gaussian,shared,int16,True,gray,
kodak,kodim07,kodim07.png,768,512,1,imcs,imcs,imcs_omp_dct_shared_mean_int8_b8,IMCS OMP DCT shared + mean int8,0,compression_ratio,0.08,0.751221,21.459228,0.610506,12.412434,0.100279,0.641256,36924,8,omp,dct,gaussian,shared,int8,True,gray,
kodak,kodim07,kodim07.png,768,512,1,imcs,imcs,imcs_omp_dct_shared_mean_int8_b8,IMCS OMP DCT shared + mean int8,0,compression_ratio,0.12,1.001221,21.706279,0.630586,11.95138,0.108461,0.656564,49212,8,omp,dct,gaussian,shared,int8,True,gray,
kodak,kodim07,kodim07.png,768,512,1,imcs,imcs,imcs_omp_dct_shared_mean_int8_b8,IMCS OMP DCT shared + mean int8,0,compression_ratio,0.16,1.376221,21.941933,0.648228,11.557318,0.113915,0.689325,67644,8,omp,dct,gaussian,shared,int8,True,gray,
kodak,kodim08,kodim08.png,768,512,1,jpeg,baseline,jpeg,JPEG,0,quality,50.0,1.311646,30.241514,0.916515,5.680092,0.000773,0.000813,64470,,,,,,,,,
kodak,kodim08,kodim08.png,768,512,1,jpeg,baseline,jpeg,JPEG,0,quality,70.0,1.753723,32.473207,0.942531,4.458951,0.000834,0.000963,86199,,,,,,,,,
kodak,kodim08,kodim08.png,768,512,1,imcs,imcs,imcs_omp_dct_shared_mean_float64_b8,IMCS OMP DCT shared + mean float64,0,compression_ratio,0.08,5.126221,15.580842,0.390593,27.987328,0.098607,0.655078,251964,8,omp,dct,gaussian,shared,float64,True,gray,
kodak,kodim08,kodim08.png,768,512,1,imcs,imcs,imcs_omp_dct_shared_mean_float64_b8,IMCS OMP DCT shared + mean float64,0,compression_ratio,0.12,7.126221,15.539168,0.477636,28.043898,0.10753,0.675498,350268,8,omp,dct,gaussian,shared,float64,True,gray,
kodak,kodim08,kodim08.png,768,512,1,imcs,imcs,imcs_omp_dct_shared_mean_float64_b8,IMCS OMP DCT shared + mean float64,0,compression_ratio,0.16,10.126221,15.636699,0.474503,27.522261,0.114126,0.715786,497724,8,omp,dct,gaussian,shared,float64,True,gray,
kodak,kodim08,kodim08.png,768,512,1,imcs,imcs,imcs_omp_dct_shared_mean_int16_b8,IMCS OMP DCT shared + mean int16,0,compression_ratio,0.08,1.376221,15.580883,0.390598,27.98702,0.106778,0.656834,67644,8,omp,dct,gaussian,shared,int16,True,gray,
kodak,kodim08,kodim08.png,768,512,1,imcs,imcs,imcs_omp_dct_shared_mean_int16_b8,IMCS OMP DCT shared + mean int16,0,compression_ratio,0.12,1.876221,15.539269,0.477626,28.043812,0.107777,0.673072,92220,8,omp,dct,gaussian,shared,int16,True,gray,
kodak,kodim08,kodim08.png,768,512,1,imcs,imcs,imcs_omp_dct_shared_mean_int16_b8,IMCS OMP DCT shared + mean int16,0,compression_ratio,0.16,2.626221,15.636479,0.474477,27.524081,0.116843,0.708138,129084,8,omp,dct,gaussian,shared,int16,True,gray,
kodak,kodim08,kodim08.png,768,512,1,imcs,imcs,imcs_omp_dct_shared_mean_int8_b8,IMCS OMP DCT shared + mean int8,0,compression_ratio,0.08,0.751221,15.578676,0.389338,27.996226,0.104879,0.647289,36924,8,omp,dct,gaussian,shared,int8,True,gray,
kodak,kodim08,kodim08.png,768,512,1,imcs,imcs,imcs_omp_dct_shared_mean_int8_b8,IMCS OMP DCT shared + mean int8,0,compression_ratio,0.12,1.001221,15.546529,0.478212,28.030097,0.110713,0.678162,49212,8,omp,dct,gaussian,shared,int8,True,gray,
kodak,kodim08,kodim08.png,768,512,1,imcs,imcs,imcs_omp_dct_shared_mean_int8_b8,IMCS OMP DCT shared + mean int8,0,compression_ratio,0.16,1.376221,15.646198,0.486555,27.511171,0.120356,0.709359,67644,8,omp,dct,gaussian,shared,int8,True,gray,
kodak,kodim09,kodim09.png,512,768,1,jpeg,baseline,jpeg,JPEG,0,quality,50.0,0.561584,35.765547,0.927706,2.80486,0.000661,0.000475,27603,,,,,,,,,
kodak,kodim09,kodim09.png,512,768,1,jpeg,baseline,jpeg,JPEG,0,quality,70.0,0.777466,37.554462,0.942626,2.352554,0.000743,0.000612,38214,,,,,,,,,
kodak,kodim09,kodim09.png,512,768,1,imcs,imcs,imcs_omp_dct_shared_mean_float64_b8,IMCS OMP DCT shared + mean float64,0,compression_ratio,0.08,5.126221,21.822479,0.711068,10.092294,0.103886,0.670446,251964,8,omp,dct,gaussian,shared,float64,True,gray,
kodak,kodim09,kodim09.png,512,768,1,imcs,imcs,imcs_omp_dct_shared_mean_float64_b8,IMCS OMP DCT shared + mean float64,0,compression_ratio,0.12,7.126221,22.014085,0.702686,9.957395,0.110468,0.705175,350268,8,omp,dct,gaussian,shared,float64,True,gray,
kodak,kodim09,kodim09.png,512,768,1,imcs,imcs,imcs_omp_dct_shared_mean_float64_b8,IMCS OMP DCT shared + mean float64,0,compression_ratio,0.16,10.126221,22.237559,0.739514,9.767356,0.115488,0.745293,497724,8,omp,dct,gaussian,shared,float64,True,gray,
kodak,kodim09,kodim09.png,512,768,1,imcs,imcs,imcs_omp_dct_shared_mean_int16_b8,IMCS OMP DCT shared + mean int16,0,compression_ratio,0.08,1.376221,21.822488,0.711071,10.092325,0.099834,0.713983,67644,8,omp,dct,gaussian,shared,int16,True,gray,
kodak,kodim09,kodim09.png,512,768,1,imcs,imcs,imcs_omp_dct_shared_mean_int16_b8,IMCS OMP DCT shared + mean int16,0,compression_ratio,0.12,1.876221,22.014542,0.702656,9.957478,0.106295,0.691364,92220,8,omp,dct,gaussian,shared,int16,True,gray,
kodak,kodim09,kodim09.png,512,768,1,imcs,imcs,imcs_omp_dct_shared_mean_int16_b8,IMCS OMP DCT shared + mean int16,0,compression_ratio,0.16,2.626221,22.237544,0.739516,9.767397,0.112809,0.712572,129084,8,omp,dct,gaussian,shared,int16,True,gray,
kodak,kodim09,kodim09.png,512,768,1,imcs,imcs,imcs_omp_dct_shared_mean_int8_b8,IMCS OMP DCT shared + mean int8,0,compression_ratio,0.08,0.751221,21.817626,0.710279,10.103258,0.101949,0.663123,36924,8,omp,dct,gaussian,shared,int8,True,gray,
kodak,kodim09,kodim09.png,512,768,1,imcs,imcs,imcs_omp_dct_shared_mean_int8_b8,IMCS OMP DCT shared + mean int8,0,compression_ratio,0.12,1.001221,22.019384,0.70366,9.970522,0.105913,0.681767,49212,8,omp,dct,gaussian,shared,int8,True,gray,
kodak,kodim09,kodim09.png,512,768,1,imcs,imcs,imcs_omp_dct_shared_mean_int8_b8,IMCS OMP DCT shared + mean int8,0,compression_ratio,0.16,1.376221,22.229409,0.738194,9.798532,0.114025,0.755593,67644,8,omp,dct,gaussian,shared,int8,True,gray,
kodak,kodim10,kodim10.png,512,768,1,jpeg,baseline,jpeg,JPEG,0,quality,50.0,0.629761,35.48591,0.922054,2.931755,0.000695,0.000536,30954,,,,,,,,,
kodak,kodim10,kodim10.png,512,768,1,jpeg,baseline,jpeg,JPEG,0,quality,70.0,0.870036,37.384377,0.941467,2.431643,0.000719,0.000624,42764,,,,,,,,,
kodak,kodim10,kodim10.png,512,768,1,imcs,imcs,imcs_omp_dct_shared_mean_float64_b8,IMCS OMP DCT shared + mean float64,0,compression_ratio,0.08,5.126221,22.213588,0.74066,10.182433,0.09973,0.673458,251964,8,omp,dct,gaussian,shared,float64,True,gray,
kodak,kodim10,kodim10.png,512,768,1,imcs,imcs,imcs_omp_dct_shared_mean_float64_b8,IMCS OMP DCT shared + mean float64,0,compression_ratio,0.12,7.126221,22.477962,0.749153,9.968306,0.106974,0.678923,350268,8,omp,dct,gaussian,shared,float64,True,gray,
kodak,kodim10,kodim10.png,512,768,1,imcs,imcs,imcs_omp_dct_shared_mean_float64_b8,IMCS OMP DCT shared + mean float64,0,compression_ratio,0.16,10.126221,22.666875,0.749047,9.840802,0.113727,0.71938,497724,8,omp,dct,gaussian,shared,float64,True,gray,
kodak,kodim10,kodim10.png,512,768,1,imcs,imcs,imcs_omp_dct_shared_mean_int16_b8,IMCS OMP DCT shared + mean int16,0,compression_ratio,0.08,1.376221,22.2137,0.74068,10.182135,0.102054,0.663532,67644,8,omp,dct,gaussian,shared,int16,True,gray,
kodak,kodim10,kodim10.png,512,768,1,imcs,imcs,imcs_omp_dct_shared_mean_int16_b8,IMCS OMP DCT shared + mean int16,0,compression_ratio,0.12,1.876221,22.477679,0.749152,9.968406,0.106319,0.740008,92220,8,omp,dct,gaussian,shared,int16,True,gray,
kodak,kodim10,kodim10.png,512,768,1,imcs,imcs,imcs_omp_dct_shared_mean_int16_b8,IMCS OMP DCT shared + mean int16,0,compression_ratio,0.16,2.626221,22.667024,0.749085,9.840152,0.115332,0.724664,129084,8,omp,dct,gaussian,shared,int16,True,gray,
kodak,kodim10,kodim10.png,512,768,1,imcs,imcs,imcs_omp_dct_shared_mean_int8_b8,IMCS OMP DCT shared + mean int8,0,compression_ratio,0.08,0.751221,22.205286,0.740576,10.196573,0.101967,0.644168,36924,8,omp,dct,gaussian,shared,int8,True,gray,
kodak,kodim10,kodim10.png,512,768,1,imcs,imcs,imcs_omp_dct_shared_mean_int8_b8,IMCS OMP DCT shared + mean int8,0,compression_ratio,0.12,1.001221,22.485416,0.749103,9.975863,0.105806,0.665369,49212,8,omp,dct,gaussian,shared,int8,True,gray,
kodak,kodim10,kodim10.png,512,768,1,imcs,imcs,imcs_omp_dct_shared_mean_int8_b8,IMCS OMP DCT shared + mean int8,0,compression_ratio,0.16,1.376221,22.667612,0.748241,9.859575,0.114693,0.698658,67644,8,omp,dct,gaussian,shared,int8,True,gray,
kodak,kodim11,kodim11.png,768,512,1,jpeg,baseline,jpeg,JPEG,0,quality,50.0,0.848531,32.608785,0.901736,4.056961,0.000703,0.000629,41707,,,,,,,,,
kodak,kodim11,kodim11.png,768,512,1,jpeg,baseline,jpeg,JPEG,0,quality,70.0,1.164347,34.588941,0.931307,3.296244,0.000797,0.000788,57230,,,,,,,,,
kodak,kodim11,kodim11.png,768,512,1,imcs,imcs,imcs_omp_dct_shared_mean_float64_b8,IMCS OMP DCT shared + mean float64,0,compression_ratio,0.08,5.126221,21.151399,0.576808,12.902506,0.099031,0.662306,251964,8,omp,dct,gaussian,shared,float64,True,gray,
kodak,kodim11,kodim11.png,768,512,1,imcs,imcs,imcs_omp_dct_shared_mean_float64_b8,IMCS OMP DCT shared + mean float64,0,compression_ratio,0.12,7.126221,21.093427,0.595751,13.029105,0.105178,0.66144,350268,8,omp,dct,gaussian,shared,float64,True,gray,
kodak,kodim11,kodim11.png,768,512,1,imcs,imcs,imcs_omp_dct_shared_mean_float64_b8,IMCS OMP DCT shared + mean float64,0,compression_ratio,0.16,10.126221,21.256844,0.617603,12.790986,0.115566,0.723202,497724,8,omp,dct,gaussian,shared,float64,True,gray,
kodak,kodim11,kodim11.png,768,512,1,imcs,imcs,imcs_omp_dct_shared_mean_int16_b8,IMCS OMP DCT shared + mean int16,0,compression_ratio,0.08,1.376221,21.15141,0.576809,12.902561,0.100921,0.618881,67644,8,omp,dct,gaussian,shared,int16,True,gray,
kodak,kodim11,kodim11.png,768,512,1,imcs,imcs,imcs_omp_dct_shared_mean_int16_b8,IMCS OMP DCT shared + mean int16,0,compression_ratio,0.12,1.876221,21.093427,0.595751,13.029106,0.10328,0.641623,92220,8,omp,dct,gaussian,shared,int16,True,gray,
kodak,kodim11,kodim11.png,768,512,1,imcs,imcs,imcs_omp_dct_shared_mean_int16_b8,IMCS OMP DCT shared + mean int16,0,compression_ratio,0.16,2.626221,21.256776,0.61758,12.791307,0.113264,0.685703,129084,8,omp,dct,gaussian,shared,int16,True,gray,
kodak,kodim11,kodim11.png,768,512,1,imcs,imcs,imcs_omp_dct_shared_mean_int8_b8,IMCS OMP DCT shared + mean int8,0,compression_ratio,0.08,0.751221,21.147591,0.576102,12.90943,0.101166,0.664599,36924,8,omp,dct,gaussian,shared,int8,True,gray,
kodak,kodim11,kodim11.png,768,512,1,imcs,imcs,imcs_omp_dct_shared_mean_int8_b8,IMCS OMP DCT shared + mean int8,0,compression_ratio,0.12,1.001221,21.103171,0.595383,13.027646,0.108313,0.631948,49212,8,omp,dct,gaussian,shared,int8,True,gray,
kodak,kodim11,kodim11.png,768,512,1,imcs,imcs,imcs_omp_dct_shared_mean_int8_b8,IMCS OMP DCT shared + mean int8,0,compression_ratio,0.16,1.376221,21.244902,0.617243,12.812206,0.113606,0.658972,67644,8,omp,dct,gaussian,shared,int8,True,gray,
kodak,kodim12,kodim12.png,768,512,1,jpeg,baseline,jpeg,JPEG,0,quality,50.0,0.591288,35.819187,0.916126,2.829323,0.000659,0.000497,29063,,,,,,,,,
kodak,kodim12,kodim12.png,768,512,1,jpeg,baseline,jpeg,JPEG,0,quality,70.0,0.832153,37.581072,0.939069,2.348801,0.000705,0.000592,40902,,,,,,,,,
kodak,kodim12,kodim12.png,768,512,1,imcs,imcs,imcs_omp_dct_shared_mean_float64_b8,IMCS OMP DCT shared + mean float64,0,compression_ratio,0.08,5.126221,22.815483,0.73665,8.932546,0.10816,0.628252,251964,8,omp,dct,gaussian,shared,float64,True,gray,
kodak,kodim12,kodim12.png,768,512,1,imcs,imcs,imcs_omp_dct_shared_mean_float64_b8,IMCS OMP DCT shared + mean float64,0,compression_ratio,0.12,7.126221,22.638437,0.722683,9.064588,0.103747,0.652425,350268,8,omp,dct,gaussian,shared,float64,True,gray,
kodak,kodim12,kodim12.png,768,512,1,imcs,imcs,imcs_omp_dct_shared_mean_float64_b8,IMCS OMP DCT shared + mean float64,0,compression_ratio,0.16,10.126221,23.0907,0.759549,8.615744,0.110531,0.673141,497724,8,omp,dct,gaussian,shared,float64,True,gray,
kodak,kodim12,kodim12.png,768,512,1,imcs,imcs,imcs_omp_dct_shared_mean_int16_b8,IMCS OMP DCT shared + mean int16,0,compression_ratio,0.08,1.376221,22.815331,0.736641,8.932487,0.100403,0.634374,67644,8,omp,dct,gaussian,shared,int16,True,gray,
kodak,kodim12,kodim12.png,768,512,1,imcs,imcs,imcs_omp_dct_shared_mean_int16_b8,IMCS OMP DCT shared + mean int16,0,compression_ratio,0.12,1.876221,22.638474,0.722691,9.064485,0.10826,0.694024,92220,8,omp,dct,gaussian,shared,int16,True,gray,
kodak,kodim12,kodim12.png,768,512,1,imcs,imcs,imcs_omp_dct_shared_mean_int16_b8,IMCS OMP DCT shared + mean int16,0,compression_ratio,0.16,2.626221,23.090752,0.759553,8.61559,0.112215,0.676493,129084,8,omp,dct,gaussian,shared,int16,True,gray,
kodak,kodim12,kodim12.png,768,512,1,imcs,imcs,imcs_omp_dct_shared_mean_int8_b8,IMCS OMP DCT shared + mean int8,0,compression_ratio,0.08,0.751221,22.817297,0.735977,8.935051,0.103161,0.688966,36924,8,omp,dct,gaussian,shared,int8,True,gray,
kodak,kodim12,kodim12.png,768,512,1,imcs,imcs,imcs_omp_dct_shared_mean_int8_b8,IMCS OMP DCT shared + mean int8,0,compression_ratio,0.12,1.001221,22.643951,0.721792,9.072631,0.107734,0.699312,49212,8,omp,dct,gaussian,shared,int8,True,gray,
kodak,kodim12,kodim12.png,768,512,1,imcs,imcs,imcs_omp_dct_shared_mean_int8_b8,IMCS OMP DCT shared + mean int8,0,compression_ratio,0.16,1.376221,23.076357,0.758408,8.633156,0.111745,0.691943,67644,8,omp,dct,gaussian,shared,int8,True,gray,
kodak,kodim13,kodim13.png,768,512,1,jpeg,baseline,jpeg,JPEG,0,quality,50.0,1.455912,28.086507,0.8768,7.428294,0.000794,0.000887,71561,,,,,,,,,
kodak,kodim13,kodim13.png,768,512,1,jpeg,baseline,jpeg,JPEG,0,quality,70.0,1.988342,30.348951,0.918546,5.841197,0.00087,0.001055,97731,,,,,,,,,
kodak,kodim13,kodim13.png,768,512,1,imcs,imcs,imcs_omp_dct_shared_mean_float64_b8,IMCS OMP DCT shared + mean float64,0,compression_ratio,0.08,5.126221,17.342455,0.385207,23.415112,0.09898,0.6413,251964,8,omp,dct,gaussian,shared,float64,True,gray,
kodak,kodim13,kodim13.png,768,512,1,imcs,imcs,imcs_omp_dct_shared_mean_float64_b8,IMCS OMP DCT shared + mean float64,0,compression_ratio,0.12,7.126221,17.227826,0.417135,23.754099,0.109007,0.650813,350268,8,omp,dct,gaussian,shared,float64,True,gray,
kodak,kodim13,kodim13.png,768,512,1,imcs,imcs,imcs_omp_dct_shared_mean_float64_b8,IMCS OMP DCT shared + mean float64,0,compression_ratio,0.16,10.126221,17.302404,0.474043,23.566654,0.114812,0.804741,497724,8,omp,dct,gaussian,shared,float64,True,gray,
kodak,kodim13,kodim13.png,768,512,1,imcs,imcs,imcs_omp_dct_shared_mean_int16_b8,IMCS OMP DCT shared + mean int16,0,compression_ratio,0.08,1.376221,17.342459,0.385213,23.415032,0.102734,0.774153,67644,8,omp,dct,gaussian,shared,int16,True,gray,
kodak,kodim13,kodim13.png,768,512,1,imcs,imcs,imcs_omp_dct_shared_mean_int16_b8,IMCS OMP DCT shared + mean int16,0,compression_ratio,0.12,1.876221,17.227798,0.417125,23.754266,0.105389,0.639994,92220,8,omp,dct,gaussian,shared,int16,True,gray,
kodak,kodim13,kodim13.png,768,512,1,imcs,imcs,imcs_omp_dct_shared_mean_int16_b8,IMCS OMP DCT shared + mean int16,0,compression_ratio,0.16,2.626221,17.30264,0.474066,23.565268,0.115514,0.677797,129084,8,omp,dct,gaussian,shared,int16,True,gray,
kodak,kodim13,kodim13.png,768,512,1,imcs,imcs,imcs_omp_dct_shared_mean_int8_b8,IMCS OMP DCT shared + mean int8,0,compression_ratio,0.08,0.751221,17.349105,0.385905,23.402143,0.104217,0.630311,36924,8,omp,dct,gaussian,shared,int8,True,gray,
kodak,kodim13,kodim13.png,768,512,1,imcs,imcs,imcs_omp_dct_shared_mean_int8_b8,IMCS OMP DCT shared + mean int8,0,compression_ratio,0.12,1.001221,17.221816,0.416776,23.771019,0.109619,0.671637,49212,8,omp,dct,gaussian,shared,int8,True,gray,
kodak,kodim13,kodim13.png,768,512,1,imcs,imcs,imcs_omp_dct_shared_mean_int8_b8,IMCS OMP DCT shared + mean int8,0,compression_ratio,0.16,1.376221,17.300825,0.471253,23.562583,0.116145,0.667534,67644,8,omp,dct,gaussian,shared,int8,True,gray,
kodak,kodim14,kodim14.png,768,512,1,jpeg,baseline,jpeg,JPEG,0,quality,50.0,1.039978,31.920503,0.896496,4.669418,0.000743,0.00069,51117,,,,,,,,,
kodak,kodim14,kodim14.png,768,512,1,jpeg,baseline,jpeg,JPEG,0,quality,70.0,1.419332,33.813424,0.928104,3.796717,0.000792,0.000844,69763,,,,,,,,,
kodak,kodim14,kodim14.png,768,512,1,imcs,imcs,imcs_omp_dct_shared_mean_float64_b8,IMCS OMP DCT shared + mean float64,0,compression_ratio,0.08,5.126221,20.537154,0.469369,15.602337,0.099964,0.613981,251964,8,omp,dct,gaussian,shared,float64,True,gray,
kodak,kodim14,kodim14.png,768,512,1,imcs,imcs,imcs_omp_dct_shared_mean_float64_b8,IMCS OMP DCT shared + mean float64,0,compression_ratio,0.12,7.126221,20.437868,0.503041,15.763905,0.107803,0.632314,350268,8,omp,dct,gaussian,shared,float64,True,gray,
kodak,kodim14,kodim14.png,768,512,1,imcs,imcs,imcs_omp_dct_shared_mean_float64_b8,IMCS OMP DCT shared + mean float64,0,compression_ratio,0.16,10.126221,20.58576,0.5905,15.394716,0.116245,0.670237,497724,8,omp,dct,gaussian,shared,float64,True,gray,
kodak,kodim14,kodim14.png,768,512,1,imcs,imcs,imcs_omp_dct_shared_mean_int16_b8,IMCS OMP DCT shared + mean int16,0,compression_ratio,0.08,1.376221,20.537217,0.469381,15.602073,0.104481,0.62345,67644,8,omp,dct,gaussian,shared,int16,True,gray,
kodak,kodim14,kodim14.png,768,512,1,imcs,imcs,imcs_omp_dct_shared_mean_int16_b8,IMCS OMP DCT shared + mean int16,0,compression_ratio,0.12,1.876221,20.436785,0.502991,15.76602,0.109237,0.635559,92220,8,omp,dct,gaussian,shared,int16,True,gray,
kodak,kodim14,kodim14.png,768,512,1,imcs,imcs,imcs_omp_dct_shared_mean_int16_b8,IMCS OMP DCT shared + mean int16,0,compression_ratio,0.16,2.626221,20.586789,0.590529,15.393133,0.115617,0.658979,129084,8,omp,dct,gaussian,shared,int16,True,gray,
kodak,kodim14,kodim14.png,768,512,1,imcs,imcs,imcs_omp_dct_shared_mean_int8_b8,IMCS OMP DCT shared + mean int8,0,compression_ratio,0.08,0.751221,20.534989,0.46819,15.609411,0.102877,0.620967,36924,8,omp,dct,gaussian,shared,int8,True,gray,
kodak,kodim14,kodim14.png,768,512,1,imcs,imcs,imcs_omp_dct_shared_mean_int8_b8,IMCS OMP DCT shared + mean int8,0,compression_ratio,0.12,1.001221,20.437084,0.504165,15.754665,0.108249,0.633429,49212,8,omp,dct,gaussian,shared,int8,True,gray,
kodak,kodim14,kodim14.png,768,512,1,imcs,imcs,imcs_omp_dct_shared_mean_int8_b8,IMCS OMP DCT shared + mean int8,0,compression_ratio,0.16,1.376221,20.591944,0.589487,15.394585,0.116761,0.668456,67644,8,omp,dct,gaussian,shared,int8,True,gray,
kodak,kodim15,kodim15.png,768,512,1,jpeg,baseline,jpeg,JPEG,0,quality,50.0,0.606466,34.817105,0.91612,2.98202,0.000649,0.000504,29809,,,,,,,,,
kodak,kodim15,kodim15.png,768,512,1,jpeg,baseline,jpeg,JPEG,0,quality,70.0,0.847738,36.666046,0.938607,2.451345,0.000703,0.000608,41668,,,,,,,,,
kodak,kodim15,kodim15.png,768,512,1,imcs,imcs,imcs_omp_dct_shared_mean_float64_b8,IMCS OMP DCT shared + mean float64,0,compression_ratio,0.08,5.126221,21.589859,0.742733,9.99431,0.098545,0.624907,251964,8,omp,dct,gaussian,shared,float64,True,gray,
kodak,kodim15,kodim15.png,768,512,1,imcs,imcs,imcs_omp_dct_shared_mean_float64_b8,IMCS OMP DCT shared + mean float64,0,compression_ratio,0.12,7.126221,21.575754,0.736833,10.044951,0.108428,0.631076,350268,8,omp,dct,gaussian,shared,float64,True,gray,
kodak,kodim15,kodim15.png,768,512,1,imcs,imcs,imcs_omp_dct_shared_mean_float64_b8,IMCS OMP DCT shared + mean float64,0,compression_ratio,0.16,10.126221,21.889463,0.785506,9.6469,0.114474,0.672681,497724,8,omp,dct,gaussian,shared,float64,True,gray,
kodak,kodim15,kodim15.png,768,512,1,imcs,imcs,imcs_omp_dct_shared_mean_int16_b8,IMCS OMP DCT shared + mean int16,0,compression_ratio,0.08,1.376221,21.589892,0.742739,9.994347,0.104515,0.821951,67644,8,omp,dct,gaussian,shared,int16,True,gray,
kodak,kodim15,kodim15.png,768,512,1,imcs,imcs,imcs_omp_dct_shared_mean_int16_b8,IMCS OMP DCT shared + mean int16,0,compression_ratio,0.12,1.876221,21.57574,0.736844,10.04516,0.104729,0.681156,92220,8,omp,dct,gaussian,shared,int16,True,gray,
kodak,kodim15,kodim15.png,768,512,1,imcs,imcs,imcs_omp_dct_shared_mean_int16_b8,IMCS OMP DCT shared + mean int16,0,compression_ratio,0.16,2.626221,21.888759,0.785516,9.6469,0.115814,0.665247,129084,8,omp,dct,gaussian,shared,int16,True,gray,
kodak,kodim15,kodim15.png,768,512,1,imcs,imcs,imcs_omp_dct_shared_mean_int8_b8,IMCS OMP DCT shared + mean int8,0,compression_ratio,0.08,0.751221,21.59398,0.742452,9.996903,0.099357,0.616968,36924,8,omp,dct,gaussian,shared,int8,True,gray,
kodak,kodim15,kodim15.png,768,512,1,imcs,imcs,imcs_omp_dct_shared_mean_int8_b8,IMCS OMP DCT shared + mean int8,0,compression_ratio,0.12,1.001221,21.57413,0.73687,10.054261,0.108431,0.626632,49212,8,omp,dct,gaussian,shared,int8,True,gray,
kodak,kodim15,kodim15.png,768,512,1,imcs,imcs,imcs_omp_dct_shared_mean_int8_b8,IMCS OMP DCT shared + mean int8,0,compression_ratio,0.16,1.376221,21.883339,0.783246,9.66314,0.115485,0.666771,67644,8,omp,dct,gaussian,shared,int8,True,gray,
kodak,kodim16,kodim16.png,768,512,1,jpeg,baseline,jpeg,JPEG,0,quality,50.0,0.713359,34.078506,0.913577,3.422147,0.000685,0.000558,35063,,,,,,,,,
kodak,kodim16,kodim16.png,768,512,1,jpeg,baseline,jpeg,JPEG,0,quality,70.0,0.978923,35.936172,0.940059,2.779409,0.000734,0.000673,48116,,,,,,,,,
kodak,kodim16,kodim16.png,768,512,1,imcs,imcs,imcs_omp_dct_shared_mean_float64_b8,IMCS OMP DCT shared + mean float64,0,compression_ratio,0.08,5.126221,24.561482,0.598705,9.299405,0.100627,0.622281,251964,8,omp,dct,gaussian,shared,float64,True,gray,
kodak,kodim16,kodim16.png,768,512,1,imcs,imcs,imcs_omp_dct_shared_mean_float64_b8,IMCS OMP DCT shared + mean float64,0,compression_ratio,0.12,7.126221,24.489234,0.615522,9.346488,0.103566,0.633882,350268,8,omp,dct,gaussian,shared,float64,True,gray,
kodak,kodim16,kodim16.png,768,512,1,imcs,imcs,imcs_omp_dct_shared_mean_float64_b8,IMCS OMP DCT shared + mean float64,0,compression_ratio,0.16,10.126221,24.649296,0.670044,9.14217,0.111145,0.673577,497724,8,omp,dct,gaussian,shared,float64,True,gray,
kodak,kodim16,kodim16.png,768,512,1,imcs,imcs,imcs_omp_dct_shared_mean_int16_b8,IMCS OMP DCT shared + mean int16,0,compression_ratio,0.08,1.376221,24.561486,0.598704,9.299421,0.103522,0.611671,67644,8,omp,dct,gaussian,shared,int16,True,gray,
kodak,kodim16,kodim16.png,768,512,1,imcs,imcs,imcs_omp_dct_shared_mean_int16_b8,IMCS OMP DCT shared + mean int16,0,compression_ratio,0.12,1.876221,24.489221,0.615518,9.346517,0.103971,0.626105,92220,8,omp,dct,gaussian,shared,int16,True,gray,
kodak,kodim16,kodim16.png,768,512,1,imcs,imcs,imcs_omp_dct_shared_mean_int16_b8,IMCS OMP DCT shared + mean int16,0,compression_ratio,0.16,2.626221,24.649322,0.670048,9.141934,0.116765,0.667183,129084,8,omp,dct,gaussian,shared,int16,True,gray,
kodak,kodim16,kodim16.png,768,512,1,imcs,imcs,imcs_omp_dct_shared_mean_int8_b8,IMCS OMP DCT shared + mean int8,0,compression_ratio,0.08,0.751221,24.562976,0.598958,9.297693,0.104177,0.625395,36924,8,omp,dct,gaussian,shared,int8,True,gray,
kodak,kodim16,kodim16.png,768,512,1,imcs,imcs,imcs_omp_dct_shared_mean_int8_b8,IMCS OMP DCT shared + mean int8,0,compression_ratio,0.12,1.001221,24.498517,0.616296,9.338064,0.104806,0.638495,49212,8,omp,dct,gaussian,shared,int8,True,gray,
kodak,kodim16,kodim16.png,768,512,1,imcs,imcs,imcs_omp_dct_shared_mean_int8_b8,IMCS OMP DCT shared + mean int8,0,compression_ratio,0.16,1.376221,24.645157,0.669854,9.148492,0.112965,0.679547,67644,8,omp,dct,gaussian,shared,int8,True,gray,
kodak,kodim17,kodim17.png,512,768,1,jpeg,baseline,jpeg,JPEG,0,quality,50.0,0.709696,34.598197,0.924412,3.153687,0.000738,0.000586,34883,,,,,,,,,
kodak,kodim17,kodim17.png,512,768,1,jpeg,baseline,jpeg,JPEG,0,quality,70.0,0.972941,36.477843,0.944895,2.594663,0.000729,0.00066,47822,,,,,,,,,
kodak,kodim17,kodim17.png,512,768,1,imcs,imcs,imcs_omp_dct_shared_mean_float64_b8,IMCS OMP DCT shared + mean float64,0,compression_ratio,0.08,5.126221,22.426919,0.656964,11.060257,0.098764,0.609249,251964,8,omp,dct,gaussian,shared,float64,True,gray,
kodak,kodim17,kodim17.png,512,768,1,imcs,imcs,imcs_omp_dct_shared_mean_float64_b8,IMCS OMP DCT shared + mean float64,0,compression_ratio,0.12,7.126221,22.365431,0.651893,11.147843,0.105148,0.655534,350268,8,omp,dct,gaussian,shared,float64,True,gray,
kodak,kodim17,kodim17.png,512,768,1,imcs,imcs,imcs_omp_dct_shared_mean_float64_b8,IMCS OMP DCT shared + mean float64,0,compression_ratio,0.16,10.126221,22.420749,0.702739,10.992323,0.113635,0.687146,497724,8,omp,dct,gaussian,shared,float64,True,gray,
kodak,kodim17,kodim17.png,512,768,1,imcs,imcs,imcs_omp_dct_shared_mean_int16_b8,IMCS OMP DCT shared + mean int16,0,compression_ratio,0.08,1.376221,22.426988,0.656976,11.060163,0.101473,0.647666,67644,8,omp,dct,gaussian,shared,int16,True,gray,
kodak,kodim17,kodim17.png,512,768,1,imcs,imcs,imcs_omp_dct_shared_mean_int16_b8,IMCS OMP DCT shared + mean int16,0,compression_ratio,0.12,1.876221,22.365406,0.651902,11.147861,0.106607,0.651807,92220,8,omp,dct,gaussian,shared,int16,True,gray,
kodak,kodim17,kodim17.png,512,768,1,imcs,imcs,imcs_omp_dct_shared_mean_int16_b8,IMCS OMP DCT shared + mean int16,0,compression_ratio,0.16,2.626221,22.420687,0.70274,10.99257,0.113739,0.695245,129084,8,omp,dct,gaussian,shared,int16,True,gray,
kodak,kodim17,kodim17.png,512,768,1,imcs,imcs,imcs_omp_dct_shared_mean_int8_b8,IMCS OMP DCT shared + mean int8,0,compression_ratio,0.08,0.751221,22.428154,0.656825,11.068482,0.102551,0.63926,36924,8,omp,dct,gaussian,shared,int8,True,gray,
kodak,kodim17,kodim17.png,512,768,1,imcs,imcs,imcs_omp_dct_shared_mean_int8_b8,IMCS OMP DCT shared + mean int8,0,compression_ratio,0.12,1.001221,22.369992,0.651112,11.155497,0.107396,0.658776,49212,8,omp,dct,gaussian,shared,int8,True,gray,
kodak,kodim17,kodim17.png,512,768,1,imcs,imcs,imcs_omp_dct_shared_mean_int8_b8,IMCS OMP DCT shared + mean int8,0,compression_ratio,0.16,1.376221,22.407497,0.702382,11.019813,0.114031,0.725193,67644,8,omp,dct,gaussian,shared,int8,True,gray,
kodak,kodim18,kodim18.png,512,768,1,jpeg,baseline,jpeg,JPEG,0,quality,50.0,1.009603,31.392776,0.899223,4.763102,0.000745,0.000698,49624,,,,,,,,,
kodak,kodim18,kodim18.png,512,768,1,jpeg,baseline,jpeg,JPEG,0,quality,70.0,1.388896,33.438305,0.927864,3.872205,0.000805,0.000848,68267,,,,,,,,,
kodak,kodim18,kodim18.png,512,768,1,imcs,imcs,imcs_omp_dct_shared_mean_float64_b8,IMCS OMP DCT shared + mean float64,0,compression_ratio,0.08,5.126221,20.353477,0.606141,15.153189,0.09955,0.646676,251964,8,omp,dct,gaussian,shared,float64,True,gray,
kodak,kodim18,kodim18.png,512,768,1,imcs,imcs,imcs_omp_dct_shared_mean_float64_b8,IMCS OMP DCT shared + mean float64,0,compression_ratio,0.12,7.126221,20.275072,0.558897,15.341277,0.106279,0.649939,350268,8,omp,dct,gaussian,shared,float64,True,gray,
kodak,kodim18,kodim18.png,512,768,1,imcs,imcs,imcs_omp_dct_shared_mean_float64_b8,IMCS OMP DCT shared + mean float64,0,compression_ratio,0.16,10.126221,20.27545,0.626296,15.230046,0.114864,0.688171,497724,8,omp,dct,gaussian,shared,float64,True,gray,
kodak,kodim18,kodim18.png,512,768,1,imcs,imcs,imcs_omp_dct_shared_mean_int16_b8,IMCS OMP DCT shared + mean int16,0,compression_ratio,0.08,1.376221,20.355106,0.606136,15.151604,0.102356,0.635401,67644,8,omp,dct,gaussian,shared,int16,True,gray,
kodak,kodim18,kodim18.png,512,768,1,imcs,imcs,imcs_omp_dct_shared_mean_int16_b8,IMCS OMP DCT shared + mean int16,0,compression_ratio,0.12,1.876221,20.274562,0.558811,15.342967,0.107404,0.656239,92220,8,omp,dct,gaussian,shared,int16,True,gray,
kodak,kodim18,kodim18.png,512,768,1,imcs,imcs,imcs_omp_dct_shared_mean_int16_b8,IMCS OMP DCT shared + mean int16,0,compression_ratio,0.16,2.626221,20.275393,0.626259,15.231306,0.114159,0.689417,129084,8,omp,dct,gaussian,shared,int16,True,gray,
kodak,kodim18,kodim18.png,512,768,1,imcs,imcs,imcs_omp_dct_shared_mean_int8_b8,IMCS OMP DCT shared + mean int8,0,compression_ratio,0.08,0.751221,20.351705,0.605858,15.155354,0.102456,0.650108,36924,8,omp,dct,gaussian,shared,int8,True,gray,
kodak,kodim18,kodim18.png,512,768,1,imcs,imcs,imcs_omp_dct_shared_mean_int8_b8,IMCS OMP DCT shared + mean int8,0,compression_ratio,0.12,1.001221,20.271203,0.558669,15.358992,0.10693,0.656057,49212,8,omp,dct,gaussian,shared,int8,True,gray,
kodak,kodim18,kodim18.png,512,768,1,imcs,imcs,imcs_omp_dct_shared_mean_int8_b8,IMCS OMP DCT shared + mean int8,0,compression_ratio,0.16,1.376221,20.24813,0.641446,15.264777,0.112287,0.688752,67644,8,omp,dct,gaussian,shared,int8,True,gray,
kodak,kodim19,kodim19.png,512,768,1,jpeg,baseline,jpeg,JPEG,0,quality,50.0,0.798421,33.170055,0.906784,3.870646,0.000705,0.000601,39244,,,,,,,,,
kodak,kodim19,kodim19.png,512,768,1,jpeg,baseline,jpeg,JPEG,0,quality,70.0,1.095561,34.974006,0.931982,3.184728,0.000755,0.000726,53849,,,,,,,,,
kodak,kodim19,kodim19.png,512,768,1,imcs,imcs,imcs_omp_dct_shared_mean_float64_b8,IMCS OMP DCT shared + mean float64,0,compression_ratio,0.08,5.126221,20.17196,0.646442,13.721335,0.099208,0.626127,251964,8,omp,dct,gaussian,shared,float64,True,gray,
kodak,kodim19,kodim19.png,512,768,1,imcs,imcs,imcs_omp_dct_shared_mean_float64_b8,IMCS OMP DCT shared + mean float64,0,compression_ratio,0.12,7.126221,20.25334,0.663811,13.648717,0.109256,0.63312,350268,8,omp,dct,gaussian,shared,float64,True,gray,
kodak,kodim19,kodim19.png,512,768,1,imcs,imcs,imcs_omp_dct_shared_mean_float64_b8,IMCS OMP DCT shared + mean float64,0,compression_ratio,0.16,10.126221,20.371393,0.682556,13.349464,0.116854,0.676929,497724,8,omp,dct,gaussian,shared,float64,True,gray,
kodak,kodim19,kodim19.png,512,768,1,imcs,imcs,imcs_omp_dct_shared_mean_int16_b8,IMCS OMP DCT shared + mean int16,0,compression_ratio,0.08,1.376221,20.171953,0.646449,13.721264,0.100996,0.626526,67644,8,omp,dct,gaussian,shared,int16,True,gray,
kodak,kodim19,kodim19.png,512,768,1,imcs,imcs,imcs_omp_dct_shared_mean_int16_b8,IMCS OMP DCT shared + mean int16,0,compression_ratio,0.12,1.876221,20.253471,0.663809,13.648842,0.10752,0.62833,92220,8,omp,dct,gaussian,shared,int16,True,gray,
kodak,kodim19,kodim19.png,512,768,1,imcs,imcs,imcs_omp_dct_shared_mean_int16_b8,IMCS OMP DCT shared + mean int16,0,compression_ratio,0.16,2.626221,20.371537,0.682586,13.348853,0.114219,0.656715,129084,8,omp,dct,gaussian,shared,int16,True,gray,
kodak,kodim19,kodim19.png,512,768,1,imcs,imcs,imcs_omp_dct_shared_mean_int8_b8,IMCS OMP DCT shared + mean int8,0,compression_ratio,0.08,0.751221,20.175491,0.646485,13.721217,0.100083,0.608368,36924,8,omp,dct,gaussian,shared,int8,True,gray,
kodak,kodim19,kodim19.png,512,768,1,imcs,imcs,imcs_omp_dct_shared_mean_int8_b8,IMCS OMP DCT shared + mean int8,0,compression_ratio,0.12,1.001221,20.248574,0.667231,13.662413,0.107522,0.633987,49212,8,omp,dct,gaussian,shared,int8,True,gray,
kodak,kodim19,kodim19.png,512,768,1,imcs,imcs,imcs_omp_dct_shared_mean_int8_b8,IMCS OMP DCT shared + mean int8,0,compression_ratio,0.16,1.376221,20.3733,0.681973,13.359441,0.113255,0.671161,67644,8,omp,dct,gaussian,shared,int8,True,gray,
kodak,kodim20,kodim20.png,768,512,1,jpeg,baseline,jpeg,JPEG,0,quality,50.0,0.553019,34.782781,0.93587,2.640849,0.000611,0.000452,27182,,,,,,,,,
kodak,kodim20,kodim20.png,768,512,1,jpeg,baseline,jpeg,JPEG,0,quality,70.0,0.748901,36.655477,0.952539,2.150688,0.00065,0.000527,36810,,,,,,,,,
kodak,kodim20,kodim20.png,768,512,1,imcs,imcs,imcs_omp_dct_shared_mean_float64_b8,IMCS OMP DCT shared + mean float64,0,compression_ratio,0.08,5.126221,21.538262,0.783441,8.943417,0.098788,0.624318,251964,8,omp,dct,gaussian,shared,float64,True,gray,
kodak,kodim20,kodim20.png,768,512,1,imcs,imcs,imcs_omp_dct_shared_mean_float64_b8,IMCS OMP DCT shared + mean float64,0,compression_ratio,0.12,7.126221,21.81677,0.777937,8.85153,0.103776,0.629324,350268,8,omp,dct,gaussian,shared,float64,True,gray,
kodak,kodim20,kodim20.png,768,512,1,imcs,imcs,imcs_omp_dct_shared_mean_float64_b8,IMCS OMP DCT shared + mean float64,0,compression_ratio,0.16,10.126221,21.885679,0.80867,8.768237,0.111096,0.654886,497724,8,omp,dct,gaussian,shared,float64,True,gray,
kodak,kodim20,kodim20.png,768,512,1,imcs,imcs,imcs_omp_dct_shared_mean_int16_b8,IMCS OMP DCT shared + mean int16,0,compression_ratio,0.08,1.376221,21.538272,0.783444,8.94336,0.099257,0.616221,67644,8,omp,dct,gaussian,shared,int16,True,gray,
kodak,kodim20,kodim20.png,768,512,1,imcs,imcs,imcs_omp_dct_shared_mean_int16_b8,IMCS OMP DCT shared + mean int16,0,compression_ratio,0.12,1.876221,21.816774,0.777939,8.851505,0.105903,0.657085,92220,8,omp,dct,gaussian,shared,int16,True,gray,
kodak,kodim20,kodim20.png,768,512,1,imcs,imcs,imcs_omp_dct_shared_mean_int16_b8,IMCS OMP DCT shared + mean int16,0,compression_ratio,0.16,2.626221,21.885735,0.808677,8.768146,0.139468,0.668434,129084,8,omp,dct,gaussian,shared,int16,True,gray,
kodak,kodim20,kodim20.png,768,512,1,imcs,imcs,imcs_omp_dct_shared_mean_int8_b8,IMCS OMP DCT shared + mean int8,0,compression_ratio,0.08,0.751221,21.533979,0.782956,8.932877,0.099147,0.61126,36924,8,omp,dct,gaussian,shared,int8,True,gray,
kodak,kodim20,kodim20.png,768,512,1,imcs,imcs,imcs_omp_dct_shared_mean_int8_b8,IMCS OMP DCT shared + mean int8,0,compression_ratio,0.12,1.001221,21.808351,0.777141,8.849586,0.104808,0.623208,49212,8,omp,dct,gaussian,shared,int8,True,gray,
kodak,kodim20,kodim20.png,768,512,1,imcs,imcs,imcs_omp_dct_shared_mean_int8_b8,IMCS OMP DCT shared + mean int8,0,compression_ratio,0.16,1.376221,21.879277,0.80847,8.774578,0.110828,0.657309,67644,8,omp,dct,gaussian,shared,int8,True,gray,
kodak,kodim21,kodim21.png,768,512,1,jpeg,baseline,jpeg,JPEG,0,quality,50.0,0.798401,32.256409,0.920578,4.059853,0.000668,0.000564,39243,,,,,,,,,
kodak,kodim21,kodim21.png,768,512,1,jpeg,baseline,jpeg,JPEG,0,quality,70.0,1.098348,34.180861,0.940498,3.344727,0.000739,0.00071,53986,,,,,,,,,
kodak,kodim21,kodim21.png,768,512,1,imcs,imcs,imcs_omp_dct_shared_mean_float64_b8,IMCS OMP DCT shared + mean float64,0,compression_ratio,0.08,5.126221,20.381721,0.653897,13.291133,0.098288,0.620978,251964,8,omp,dct,gaussian,shared,float64,True,gray,
kodak,kodim21,kodim21.png,768,512,1,imcs,imcs,imcs_omp_dct_shared_mean_float64_b8,IMCS OMP DCT shared + mean float64,0,compression_ratio,0.12,7.126221,20.382781,0.653368,13.344288,0.103604,0.636089,350268,8,omp,dct,gaussian,shared,float64,True,gray,
kodak,kodim21,kodim21.png,768,512,1,imcs,imcs,imcs_omp_dct_shared_mean_float64_b8,IMCS OMP DCT shared + mean float64,0,compression_ratio,0.16,10.126221,20.534686,0.676466,13.087379,0.111135,0.667962,497724,8,omp,dct,gaussian,shared,float64,True,gray,
kodak,kodim21,kodim21.png,768,512,1,imcs,imcs,imcs_omp_dct_shared_mean_int16_b8,IMCS OMP DCT shared + mean int16,0,compression_ratio,0.08,1.376221,20.381724,0.653902,13.290935,0.103257,0.630806,67644,8,omp,dct,gaussian,shared,int16,True,gray,
kodak,kodim21,kodim21.png,768,512,1,imcs,imcs,imcs_omp_dct_shared_mean_int16_b8,IMCS OMP DCT shared + mean int16,0,compression_ratio,0.12,1.876221,20.382537,0.653366,13.344557,0.109075,0.635749,92220,8,omp,dct,gaussian,shared,int16,True,gray,
kodak,kodim21,kodim21.png,768,512,1,imcs,imcs,imcs_omp_dct_shared_mean_int16_b8,IMCS OMP DCT shared + mean int16,0,compression_ratio,0.16,2.626221,20.534652,0.676469,13.087688,0.115958,0.666626,129084,8,omp,dct,gaussian,shared,int16,True,gray,
kodak,kodim21,kodim21.png,768,512,1,imcs,imcs,imcs_omp_dct_shared_mean_int8_b8,IMCS OMP DCT shared + mean int8,0,compression_ratio,0.08,0.751221,20.380326,0.654001,13.294736,0.103862,0.648471,36924,8,omp,dct,gaussian,shared,int8,True,gray,
kodak,kodim21,kodim21.png,768,512,1,imcs,imcs,imcs_omp_dct_shared_mean_int8_b8,IMCS OMP DCT shared + mean int8,0,compression_ratio,0.12,1.001221,20.375773,0.653197,13.359023,0.108129,0.721109,49212,8,omp,dct,gaussian,shared,int8,True,gray,
kodak,kodim21,kodim21.png,768,512,1,imcs,imcs,imcs_omp_dct_shared_mean_int8_b8,IMCS OMP DCT shared + mean int8,0,compression_ratio,0.16,1.376221,20.517058,0.6954,13.125153,0.113721,0.797894,67644,8,omp,dct,gaussian,shared,int8,True,gray,
kodak,kodim22,kodim22.png,768,512,1,jpeg,baseline,jpeg,JPEG,0,quality,50.0,0.802307,33.229525,0.89873,3.880063,0.000695,0.000598,39435,,,,,,,,,
kodak,kodim22,kodim22.png,768,512,1,jpeg,baseline,jpeg,JPEG,0,quality,70.0,1.117981,34.986057,0.927764,3.20387,0.000876,0.000738,54951,,,,,,,,,
kodak,kodim22,kodim22.png,768,512,1,imcs,imcs,imcs_omp_dct_shared_mean_float64_b8,IMCS OMP DCT shared + mean float64,0,compression_ratio,0.08,5.126221,22.844691,0.606259,11.034157,0.101347,0.668003,251964,8,omp,dct,gaussian,shared,float64,True,gray,
kodak,kodim22,kodim22.png,768,512,1,imcs,imcs,imcs_omp_dct_shared_mean_float64_b8,IMCS OMP DCT shared + mean float64,0,compression_ratio,0.12,7.126221,22.797373,0.605587,11.143864,0.106378,0.632288,350268,8,omp,dct,gaussian,shared,float64,True,gray,
kodak,kodim22,kodim22.png,768,512,1,imcs,imcs,imcs_omp_dct_shared_mean_float64_b8,IMCS OMP DCT shared + mean float64,0,compression_ratio,0.16,10.126221,22.799701,0.623004,11.168727,0.114543,0.673439,497724,8,omp,dct,gaussian,shared,float64,True,gray,
kodak,kodim22,kodim22.png,768,512,1,imcs,imcs,imcs_omp_dct_shared_mean_int16_b8,IMCS OMP DCT shared + mean int16,0,compression_ratio,0.08,1.376221,22.844682,0.606259,11.034115,0.103902,0.630141,67644,8,omp,dct,gaussian,shared,int16,True,gray,
kodak,kodim22,kodim22.png,768,512,1,imcs,imcs,imcs_omp_dct_shared_mean_int16_b8,IMCS OMP DCT shared + mean int16,0,compression_ratio,0.12,1.876221,22.797306,0.605587,11.143951,0.109152,0.640038,92220,8,omp,dct,gaussian,shared,int16,True,gray,
kodak,kodim22,kodim22.png,768,512,1,imcs,imcs,imcs_omp_dct_shared_mean_int16_b8,IMCS OMP DCT shared + mean int16,0,compression_ratio,0.16,2.626221,22.799478,0.622996,11.168959,0.115841,0.672355,129084,8,omp,dct,gaussian,shared,int16,True,gray,
kodak,kodim22,kodim22.png,768,512,1,imcs,imcs,imcs_omp_dct_shared_mean_int8_b8,IMCS OMP DCT shared + mean int8,0,compression_ratio,0.08,0.751221,22.842012,0.605655,11.036935,0.103244,0.612987,36924,8,omp,dct,gaussian,shared,int8,True,gray,
kodak,kodim22,kodim22.png,768,512,1,imcs,imcs,imcs_omp_dct_shared_mean_int8_b8,IMCS OMP DCT shared + mean int8,0,compression_ratio,0.12,1.001221,22.801297,0.605368,11.141909,0.105986,0.731773,49212,8,omp,dct,gaussian,shared,int8,True,gray,
kodak,kodim22,kodim22.png,768,512,1,imcs,imcs,imcs_omp_dct_shared_mean_int8_b8,IMCS OMP DCT shared + mean int8,0,compression_ratio,0.16,1.376221,22.781384,0.621694,11.1939,0.117346,0.670351,67644,8,omp,dct,gaussian,shared,int8,True,gray,
kodak,kodim23,kodim23.png,768,512,1,jpeg,baseline,jpeg,JPEG,0,quality,50.0,0.469421,37.767954,0.944326,2.163399,0.000633,0.000448,23073,,,,,,,,,
kodak,kodim23,kodim23.png,768,512,1,jpeg,baseline,jpeg,JPEG,0,quality,70.0,0.642069,39.491498,0.95721,1.816686,0.000665,0.000505,31559,,,,,,,,,
kodak,kodim23,kodim23.png,768,512,1,imcs,imcs,imcs_omp_dct_shared_mean_float64_b8,IMCS OMP DCT shared + mean float64,0,compression_ratio,0.08,5.126221,24.43956,0.788971,7.056521,0.09868,0.623631,251964,8,omp,dct,gaussian,shared,float64,True,gray,
kodak,kodim23,kodim23.png,768,512,1,imcs,imcs,imcs_omp_dct_shared_mean_float64_b8,IMCS OMP DCT shared + mean float64,0,compression_ratio,0.12,7.126221,24.472592,0.792135,7.056654,0.103662,0.6408,350268,8,omp,dct,gaussian,shared,float64,True,gray,
kodak,kodim23,kodim23.png,768,512,1,imcs,imcs,imcs_omp_dct_shared_mean_float64_b8,IMCS OMP DCT shared + mean float64,0,compression_ratio,0.16,10.126221,24.831695,0.841184,6.825998,0.113769,0.671062,497724,8,omp,dct,gaussian,shared,float64,True,gray,
kodak,kodim23,kodim23.png,768,512,1,imcs,imcs,imcs_omp_dct_shared_mean_int16_b8,IMCS OMP DCT shared + mean int16,0,compression_ratio,0.08,1.376221,24.439569,0.788976,7.056428,0.099186,0.623489,67644,8,omp,dct,gaussian,shared,int16,True,gray,
kodak,kodim23,kodim23.png,768,512,1,imcs,imcs,imcs_omp_dct_shared_mean_int16_b8,IMCS OMP DCT shared + mean int16,0,compression_ratio,0.12,1.876221,24.472233,0.792156,7.056407,0.107446,0.656808,92220,8,omp,dct,gaussian,shared,int16,True,gray,
kodak,kodim23,kodim23.png,768,512,1,imcs,imcs,imcs_omp_dct_shared_mean_int16_b8,IMCS OMP DCT shared + mean int16,0,compression_ratio,0.16,2.626221,24.831658,0.841175,6.826474,0.113748,0.736306,129084,8,omp,dct,gaussian,shared,int16,True,gray,
kodak,kodim23,kodim23.png,768,512,1,imcs,imcs,imcs_omp_dct_shared_mean_int8_b8,IMCS OMP DCT shared + mean int8,0,compression_ratio,0.08,0.751221,24.425917,0.793342,7.068181,0.101349,0.695267,36924,8,omp,dct,gaussian,shared,int8,True,gray,
kodak,kodim23,kodim23.png,768,512,1,imcs,imcs,imcs_omp_dct_shared_mean_int8_b8,IMCS OMP DCT shared + mean int8,0,compression_ratio,0.12,1.001221,24.462242,0.788802,7.076859,0.105346,0.663119,49212,8,omp,dct,gaussian,shared,int8,True,gray,
kodak,kodim23,kodim23.png,768,512,1,imcs,imcs,imcs_omp_dct_shared_mean_int8_b8,IMCS OMP DCT shared + mean int8,0,compression_ratio,0.16,1.376221,24.847888,0.840105,6.850649,0.11528,0.693613,67644,8,omp,dct,gaussian,shared,int8,True,gray,
kodak,kodim24,kodim24.png,768,512,1,jpeg,baseline,jpeg,JPEG,0,quality,50.0,1.014058,31.33291,0.911985,4.547712,0.000738,0.000694,49843,,,,,,,,,
kodak,kodim24,kodim24.png,768,512,1,jpeg,baseline,jpeg,JPEG,0,quality,70.0,1.375997,33.598116,0.939003,3.59904,0.000791,0.00083,67633,,,,,,,,,
kodak,kodim24,kodim24.png,768,512,1,imcs,imcs,imcs_omp_dct_shared_mean_float64_b8,IMCS OMP DCT shared + mean float64,0,compression_ratio,0.08,5.126221,19.732535,0.571481,15.62776,0.099431,0.630977,251964,8,omp,dct,gaussian,shared,float64,True,gray,
kodak,kodim24,kodim24.png,768,512,1,imcs,imcs,imcs_omp_dct_shared_mean_float64_b8,IMCS OMP DCT shared + mean float64,0,compression_ratio,0.12,7.126221,19.60589,0.581262,15.818362,0.105459,0.648727,350268,8,omp,dct,gaussian,shared,float64,True,gray,
kodak,kodim24,kodim24.png,768,512,1,imcs,imcs,imcs_omp_dct_shared_mean_float64_b8,IMCS OMP DCT shared + mean float64,0,compression_ratio,0.16,10.126221,19.680943,0.597259,15.69283,0.116696,0.695972,497724,8,omp,dct,gaussian,shared,float64,True,gray,
kodak,kodim24,kodim24.png,768,512,1,imcs,imcs,imcs_omp_dct_shared_mean_int16_b8,IMCS OMP DCT shared + mean int16,0,compression_ratio,0.08,1.376221,19.73256,0.571488,15.627578,0.10519,0.643543,67644,8,omp,dct,gaussian,shared,int16,True,gray,
kodak,kodim24,kodim24.png,768,512,1,imcs,imcs,imcs_omp_dct_shared_mean_int16_b8,IMCS OMP DCT shared + mean int16,0,compression_ratio,0.12,1.876221,19.605721,0.581253,15.81909,0.109117,0.725099,92220,8,omp,dct,gaussian,shared,int16,True,gray,
kodak,kodim24,kodim24.png,768,512,1,imcs,imcs,imcs_omp_dct_shared_mean_int16_b8,IMCS OMP DCT shared + mean int16,0,compression_ratio,0.16,2.626221,19.681299,0.597277,15.691852,0.113861,0.729993,129084,8,omp,dct,gaussian,shared,int16,True,gray,
kodak,kodim24,kodim24.png,768,512,1,imcs,imcs,imcs_omp_dct_shared_mean_int8_b8,IMCS OMP DCT shared + mean int8,0,compression_ratio,0.08,0.751221,19.732358,0.571675,15.630212,0.10215,0.68605,36924,8,omp,dct,gaussian,shared,int8,True,gray,
kodak,kodim24,kodim24.png,768,512,1,imcs,imcs,imcs_omp_dct_shared_mean_int8_b8,IMCS OMP DCT shared + mean int8,0,compression_ratio,0.12,1.001221,19.608759,0.580939,15.828136,0.104601,0.652731,49212,8,omp,dct,gaussian,shared,int8,True,gray,
kodak,kodim24,kodim24.png,768,512,1,imcs,imcs,imcs_omp_dct_shared_mean_int8_b8,IMCS OMP DCT shared + mean int8,0,compression_ratio,0.16,1.376221,19.682995,0.5999,15.689724,0.113997,0.713745,67644,8,omp,dct,gaussian,shared,int8,True,gray,
