dataset,case_key,input_file,width,height,channels,method,method_family,variant_id,variant_label,repeat_index,param_name,param_value,bpp,psnr_db,ssim,mae,encode_time_s,decode_time_s,compressed_size_bytes,imcs_block_size,imcs_algorithm,imcs_basis,imcs_matrix_type,imcs_measurement_mode,imcs_measurement_dtype,imcs_color_mode,imcs_chroma_ratio_scale
kodak,kodim01,kodim01.png,768,512,1,jpeg,baseline,jpeg,JPEG,0,quality,50.0,1.182251,30.334317,0.895465,5.726089,0.000753,0.000761,58110,,,,,,,,
kodak,kodim01,kodim01.png,768,512,1,jpeg,baseline,jpeg,JPEG,0,quality,70.0,1.610921,32.27586,0.929927,4.594055,0.000865,0.000962,79180,,,,,,,,
kodak,kodim01,kodim01.png,768,512,1,imcs,imcs,imcs_omp_dct_shared_float64_b8,IMCS OMP DCT shared float64,0,compression_ratio,0.08,5.001221,5.835858,0.000847,111.595011,0.074925,0.835732,245820,8,omp,dct,gaussian,shared,float64,gray,
kodak,kodim01,kodim01.png,768,512,1,imcs,imcs,imcs_omp_dct_shared_float64_b8,IMCS OMP DCT shared float64,0,compression_ratio,0.12,7.001221,5.136556,0.001112,115.427376,0.078814,0.664863,344124,8,omp,dct,gaussian,shared,float64,gray,
kodak,kodim01,kodim01.png,768,512,1,imcs,imcs,imcs_omp_dct_shared_float64_b8,IMCS OMP DCT shared float64,0,compression_ratio,0.16,10.001221,5.579126,0.037923,103.918242,0.085326,0.672061,491580,8,omp,dct,gaussian,shared,float64,gray,
kodak,kodim01,kodim01.png,768,512,1,imcs,imcs,imcs_omp_dct_shared_int16_b8,IMCS OMP DCT shared int16,0,compression_ratio,0.08,1.251221,5.835859,0.000847,111.595007,0.074751,0.626257,61500,8,omp,dct,gaussian,shared,int16,gray,
kodak,kodim01,kodim01.png,768,512,1,imcs,imcs,imcs_omp_dct_shared_int16_b8,IMCS OMP DCT shared int16,0,compression_ratio,0.12,1.751221,5.136587,0.001113,115.426927,0.077453,0.635594,86076,8,omp,dct,gaussian,shared,int16,gray,
kodak,kodim01,kodim01.png,768,512,1,imcs,imcs,imcs_omp_dct_shared_int16_b8,IMCS OMP DCT shared int16,0,compression_ratio,0.16,2.501221,5.579987,0.037949,103.900416,0.084086,0.669874,122940,8,omp,dct,gaussian,shared,int16,gray,
kodak,kodim01,kodim01.png,768,512,1,imcs,imcs,imcs_omp_dct_shared_int8_b8,IMCS OMP DCT shared int8,0,compression_ratio,0.08,0.626221,5.836401,0.000862,111.589351,0.073192,0.624141,30780,8,omp,dct,gaussian,shared,int8,gray,
kodak,kodim01,kodim01.png,768,512,1,imcs,imcs,imcs_omp_dct_shared_int8_b8,IMCS OMP DCT shared int8,0,compression_ratio,0.12,0.876221,5.134875,0.001098,115.438289,0.077345,0.639883,43068,8,omp,dct,gaussian,shared,int8,gray,
kodak,kodim01,kodim01.png,768,512,1,imcs,imcs,imcs_omp_dct_shared_int8_b8,IMCS OMP DCT shared int8,0,compression_ratio,0.16,1.251221,5.58385,0.038273,103.800485,0.084912,0.670761,61500,8,omp,dct,gaussian,shared,int8,gray,
kodak,kodim02,kodim02.png,768,512,1,jpeg,baseline,jpeg,JPEG,0,quality,50.0,0.590149,34.781217,0.889276,3.199979,0.000655,0.000503,29007,,,,,,,,
kodak,kodim02,kodim02.png,768,512,1,jpeg,baseline,jpeg,JPEG,0,quality,70.0,0.864319,36.45913,0.91905,2.677305,0.000698,0.000625,42483,,,,,,,,
kodak,kodim02,kodim02.png,768,512,1,imcs,imcs,imcs_omp_dct_shared_float64_b8,IMCS OMP DCT shared float64,0,compression_ratio,0.08,5.001221,8.990089,0.001281,80.092687,0.072583,0.616075,245820,8,omp,dct,gaussian,shared,float64,gray,
kodak,kodim02,kodim02.png,768,512,1,imcs,imcs,imcs_omp_dct_shared_float64_b8,IMCS OMP DCT shared float64,0,compression_ratio,0.12,7.001221,8.168924,0.001797,82.663688,0.078274,0.634428,344124,8,omp,dct,gaussian,shared,float64,gray,
kodak,kodim02,kodim02.png,768,512,1,imcs,imcs,imcs_omp_dct_shared_float64_b8,IMCS OMP DCT shared float64,0,compression_ratio,0.16,10.001221,8.368461,0.044129,78.302584,0.087579,0.733053,491580,8,omp,dct,gaussian,shared,float64,gray,
kodak,kodim02,kodim02.png,768,512,1,imcs,imcs,imcs_omp_dct_shared_int16_b8,IMCS OMP DCT shared int16,0,compression_ratio,0.08,1.251221,8.990085,0.001281,80.092799,0.075152,0.624286,61500,8,omp,dct,gaussian,shared,int16,gray,
kodak,kodim02,kodim02.png,768,512,1,imcs,imcs,imcs_omp_dct_shared_int16_b8,IMCS OMP DCT shared int16,0,compression_ratio,0.12,1.751221,8.168857,0.001797,82.664171,0.080539,0.636769,86076,8,omp,dct,gaussian,shared,int16,gray,
kodak,kodim02,kodim02.png,768,512,1,imcs,imcs,imcs_omp_dct_shared_int16_b8,IMCS OMP DCT shared int16,0,compression_ratio,0.16,2.501221,8.368621,0.044127,78.302321,0.084906,0.664588,122940,8,omp,dct,gaussian,shared,int16,gray,
kodak,kodim02,kodim02.png,768,512,1,imcs,imcs,imcs_omp_dct_shared_int8_b8,IMCS OMP DCT shared int8,0,compression_ratio,0.08,0.626221,8.989994,0.001287,80.094177,0.07413,0.612913,30780,8,omp,dct,gaussian,shared,int8,gray,
kodak,kodim02,kodim02.png,768,512,1,imcs,imcs,imcs_omp_dct_shared_int8_b8,IMCS OMP DCT shared int8,0,compression_ratio,0.12,0.876221,8.171169,0.001885,82.653579,0.08079,0.640187,43068,8,omp,dct,gaussian,shared,int8,gray,
kodak,kodim02,kodim02.png,768,512,1,imcs,imcs,imcs_omp_dct_shared_int8_b8,IMCS OMP DCT shared int8,0,compression_ratio,0.16,1.251221,8.370386,0.044065,78.282423,0.085898,0.680616,61500,8,omp,dct,gaussian,shared,int8,gray,
kodak,kodim03,kodim03.png,768,512,1,jpeg,baseline,jpeg,JPEG,0,quality,50.0,0.537252,36.185909,0.935165,2.499217,0.000736,0.000555,26407,,,,,,,,
kodak,kodim03,kodim03.png,768,512,1,jpeg,baseline,jpeg,JPEG,0,quality,70.0,0.744812,38.096398,0.954876,2.023435,0.000692,0.000565,36609,,,,,,,,
kodak,kodim03,kodim03.png,768,512,1,imcs,imcs,imcs_omp_dct_shared_float64_b8,IMCS OMP DCT shared float64,0,compression_ratio,0.08,5.001221,6.525685,0.001205,102.746333,0.072362,0.631174,245820,8,omp,dct,gaussian,shared,float64,gray,
kodak,kodim03,kodim03.png,768,512,1,imcs,imcs,imcs_omp_dct_shared_float64_b8,IMCS OMP DCT shared float64,0,compression_ratio,0.12,7.001221,5.593967,0.001856,106.420795,0.077554,0.665853,344124,8,omp,dct,gaussian,shared,float64,gray,
kodak,kodim03,kodim03.png,768,512,1,imcs,imcs,imcs_omp_dct_shared_float64_b8,IMCS OMP DCT shared float64,0,compression_ratio,0.16,10.001221,5.827907,0.026216,102.018372,0.135153,1.120109,491580,8,omp,dct,gaussian,shared,float64,gray,
kodak,kodim03,kodim03.png,768,512,1,imcs,imcs,imcs_omp_dct_shared_int16_b8,IMCS OMP DCT shared int16,0,compression_ratio,0.08,1.251221,6.525686,0.001205,102.746333,0.168725,1.13598,61500,8,omp,dct,gaussian,shared,int16,gray,
kodak,kodim03,kodim03.png,768,512,1,imcs,imcs,imcs_omp_dct_shared_int16_b8,IMCS OMP DCT shared int16,0,compression_ratio,0.12,1.751221,5.593853,0.001857,106.421687,0.091726,1.242425,86076,8,omp,dct,gaussian,shared,int16,gray,
kodak,kodim03,kodim03.png,768,512,1,imcs,imcs,imcs_omp_dct_shared_int16_b8,IMCS OMP DCT shared int16,0,compression_ratio,0.16,2.501221,5.827846,0.026217,102.018726,0.145973,1.294047,122940,8,omp,dct,gaussian,shared,int16,gray,
kodak,kodim03,kodim03.png,768,512,1,imcs,imcs,imcs_omp_dct_shared_int8_b8,IMCS OMP DCT shared int8,0,compression_ratio,0.08,0.626221,6.524511,0.0012,102.746283,0.075139,1.237609,30780,8,omp,dct,gaussian,shared,int8,gray,
kodak,kodim03,kodim03.png,768,512,1,imcs,imcs,imcs_omp_dct_shared_int8_b8,IMCS OMP DCT shared int8,0,compression_ratio,0.12,0.876221,5.602123,0.001883,106.368481,0.111143,0.995294,43068,8,omp,dct,gaussian,shared,int8,gray,
kodak,kodim03,kodim03.png,768,512,1,imcs,imcs,imcs_omp_dct_shared_int8_b8,IMCS OMP DCT shared int8,0,compression_ratio,0.16,1.251221,5.822566,0.026812,101.997371,0.084898,0.675407,61500,8,omp,dct,gaussian,shared,int8,gray,
kodak,kodim04,kodim04.png,512,768,1,jpeg,baseline,jpeg,JPEG,0,quality,50.0,0.666748,34.975727,0.906664,3.178261,0.000693,0.000554,32772,,,,,,,,
kodak,kodim04,kodim04.png,512,768,1,jpeg,baseline,jpeg,JPEG,0,quality,70.0,0.935689,36.598515,0.931869,2.650983,0.000741,0.000666,45991,,,,,,,,
kodak,kodim04,kodim04.png,512,768,1,imcs,imcs,imcs_omp_dct_shared_float64_b8,IMCS OMP DCT shared float64,0,compression_ratio,0.08,5.001221,6.85653,0.001697,98.76849,0.072602,0.672895,245820,8,omp,dct,gaussian,shared,float64,gray,
kodak,kodim04,kodim04.png,512,768,1,imcs,imcs,imcs_omp_dct_shared_float64_b8,IMCS OMP DCT shared float64,0,compression_ratio,0.12,7.001221,5.987201,0.002986,101.971908,0.080172,0.691286,344124,8,omp,dct,gaussian,shared,float64,gray,
kodak,kodim04,kodim04.png,512,768,1,imcs,imcs,imcs_omp_dct_shared_float64_b8,IMCS OMP DCT shared float64,0,compression_ratio,0.16,10.001221,6.185965,0.042595,96.833666,0.084902,0.708943,491580,8,omp,dct,gaussian,shared,float64,gray,
kodak,kodim04,kodim04.png,512,768,1,imcs,imcs,imcs_omp_dct_shared_int16_b8,IMCS OMP DCT shared int16,0,compression_ratio,0.08,1.251221,6.85653,0.001697,98.768488,0.073689,0.684101,61500,8,omp,dct,gaussian,shared,int16,gray,
kodak,kodim04,kodim04.png,512,768,1,imcs,imcs,imcs_omp_dct_shared_int16_b8,IMCS OMP DCT shared int16,0,compression_ratio,0.12,1.751221,5.98724,0.002986,101.972058,0.07796,0.737644,86076,8,omp,dct,gaussian,shared,int16,gray,
kodak,kodim04,kodim04.png,512,768,1,imcs,imcs,imcs_omp_dct_shared_int16_b8,IMCS OMP DCT shared int16,0,compression_ratio,0.16,2.501221,6.185956,0.042577,96.834832,0.086922,0.729066,122940,8,omp,dct,gaussian,shared,int16,gray,
kodak,kodim04,kodim04.png,512,768,1,imcs,imcs,imcs_omp_dct_shared_int8_b8,IMCS OMP DCT shared int8,0,compression_ratio,0.08,0.626221,6.856292,0.001696,98.768806,0.073047,0.624694,30780,8,omp,dct,gaussian,shared,int8,gray,
kodak,kodim04,kodim04.png,512,768,1,imcs,imcs,imcs_omp_dct_shared_int8_b8,IMCS OMP DCT shared int8,0,compression_ratio,0.12,0.876221,5.987247,0.002988,101.9694,0.078884,0.647894,43068,8,omp,dct,gaussian,shared,int8,gray,
kodak,kodim04,kodim04.png,512,768,1,imcs,imcs,imcs_omp_dct_shared_int8_b8,IMCS OMP DCT shared int8,0,compression_ratio,0.16,1.251221,6.17892,0.041576,96.936073,0.086035,0.680357,61500,8,omp,dct,gaussian,shared,int8,gray,
kodak,kodim05,kodim05.png,768,512,1,jpeg,baseline,jpeg,JPEG,0,quality,50.0,1.289693,30.703335,0.921456,5.346148,0.000758,0.0009,63391,,,,,,,,
kodak,kodim05,kodim05.png,768,512,1,jpeg,baseline,jpeg,JPEG,0,quality,70.0,1.716207,32.979282,0.949097,4.153567,0.000818,0.000923,84355,,,,,,,,
kodak,kodim05,kodim05.png,768,512,1,imcs,imcs,imcs_omp_dct_shared_float64_b8,IMCS OMP DCT shared float64,0,compression_ratio,0.08,5.001221,7.496624,0.004753,85.685734,0.073111,0.638267,245820,8,omp,dct,gaussian,shared,float64,gray,
kodak,kodim05,kodim05.png,768,512,1,imcs,imcs,imcs_omp_dct_shared_float64_b8,IMCS OMP DCT shared float64,0,compression_ratio,0.12,7.001221,6.83658,0.008218,89.047791,0.078731,0.645109,344124,8,omp,dct,gaussian,shared,float64,gray,
kodak,kodim05,kodim05.png,768,512,1,imcs,imcs,imcs_omp_dct_shared_float64_b8,IMCS OMP DCT shared float64,0,compression_ratio,0.16,10.001221,7.193295,0.0677,82.253836,0.08666,0.734466,491580,8,omp,dct,gaussian,shared,float64,gray,
kodak,kodim05,kodim05.png,768,512,1,imcs,imcs,imcs_omp_dct_shared_int16_b8,IMCS OMP DCT shared int16,0,compression_ratio,0.08,1.251221,7.496625,0.004753,85.685867,0.075079,0.788416,61500,8,omp,dct,gaussian,shared,int16,gray,
kodak,kodim05,kodim05.png,768,512,1,imcs,imcs,imcs_omp_dct_shared_int16_b8,IMCS OMP DCT shared int16,0,compression_ratio,0.12,1.751221,6.836637,0.008219,89.047674,0.080587,0.680168,86076,8,omp,dct,gaussian,shared,int16,gray,
kodak,kodim05,kodim05.png,768,512,1,imcs,imcs,imcs_omp_dct_shared_int16_b8,IMCS OMP DCT shared int16,0,compression_ratio,0.16,2.501221,7.192584,0.0677,82.256999,0.089115,0.676273,122940,8,omp,dct,gaussian,shared,int16,gray,
kodak,kodim05,kodim05.png,768,512,1,imcs,imcs,imcs_omp_dct_shared_int8_b8,IMCS OMP DCT shared int8,0,compression_ratio,0.08,0.626221,7.495738,0.004626,85.685597,0.076834,0.630935,30780,8,omp,dct,gaussian,shared,int8,gray,
kodak,kodim05,kodim05.png,768,512,1,imcs,imcs,imcs_omp_dct_shared_int8_b8,IMCS OMP DCT shared int8,0,compression_ratio,0.12,0.876221,6.835034,0.008237,89.050033,0.081905,0.636042,43068,8,omp,dct,gaussian,shared,int8,gray,
kodak,kodim05,kodim05.png,768,512,1,imcs,imcs,imcs_omp_dct_shared_int8_b8,IMCS OMP DCT shared int8,0,compression_ratio,0.16,1.251221,7.185046,0.067586,82.352601,0.087358,0.679404,61500,8,omp,dct,gaussian,shared,int8,gray,
kodak,kodim06,kodim06.png,768,512,1,jpeg,baseline,jpeg,JPEG,0,quality,50.0,0.947388,31.839609,0.909535,4.483345,0.000705,0.000646,46566,,,,,,,,
kodak,kodim06,kodim06.png,768,512,1,jpeg,baseline,jpeg,JPEG,0,quality,70.0,1.287476,33.943243,0.938716,3.564901,0.000801,0.000934,63282,,,,,,,,
kodak,kodim06,kodim06.png,768,512,1,imcs,imcs,imcs_omp_dct_shared_float64_b8,IMCS OMP DCT shared float64,0,compression_ratio,0.08,5.001221,3.939275,0.00055,135.504669,0.073125,0.635159,245820,8,omp,dct,gaussian,shared,float64,gray,
kodak,kodim06,kodim06.png,768,512,1,imcs,imcs,imcs_omp_dct_shared_float64_b8,IMCS OMP DCT shared float64,0,compression_ratio,0.12,7.001221,2.995497,0.00102,140.564281,0.080905,0.645782,344124,8,omp,dct,gaussian,shared,float64,gray,
kodak,kodim06,kodim06.png,768,512,1,imcs,imcs,imcs_omp_dct_shared_float64_b8,IMCS OMP DCT shared float64,0,compression_ratio,0.16,10.001221,3.260725,0.030448,133.563814,0.085344,0.679409,491580,8,omp,dct,gaussian,shared,float64,gray,
kodak,kodim06,kodim06.png,768,512,1,imcs,imcs,imcs_omp_dct_shared_int16_b8,IMCS OMP DCT shared int16,0,compression_ratio,0.08,1.251221,3.939275,0.00055,135.50467,0.074503,0.628288,61500,8,omp,dct,gaussian,shared,int16,gray,
kodak,kodim06,kodim06.png,768,512,1,imcs,imcs,imcs_omp_dct_shared_int16_b8,IMCS OMP DCT shared int16,0,compression_ratio,0.12,1.751221,2.995543,0.00102,140.563546,0.079445,0.643242,86076,8,omp,dct,gaussian,shared,int16,gray,
kodak,kodim06,kodim06.png,768,512,1,imcs,imcs,imcs_omp_dct_shared_int16_b8,IMCS OMP DCT shared int16,0,compression_ratio,0.16,2.501221,3.25965,0.03036,133.587646,0.086112,0.694033,122940,8,omp,dct,gaussian,shared,int16,gray,
kodak,kodim06,kodim06.png,768,512,1,imcs,imcs,imcs_omp_dct_shared_int8_b8,IMCS OMP DCT shared int8,0,compression_ratio,0.08,0.626221,3.93918,0.000565,135.508915,0.074141,0.655372,30780,8,omp,dct,gaussian,shared,int8,gray,
kodak,kodim06,kodim06.png,768,512,1,imcs,imcs,imcs_omp_dct_shared_int8_b8,IMCS OMP DCT shared int8,0,compression_ratio,0.12,0.876221,2.999312,0.001013,140.533782,0.079612,0.933228,43068,8,omp,dct,gaussian,shared,int8,gray,
kodak,kodim06,kodim06.png,768,512,1,imcs,imcs,imcs_omp_dct_shared_int8_b8,IMCS OMP DCT shared int8,0,compression_ratio,0.16,1.251221,3.254106,0.030388,133.656607,0.196316,1.344286,61500,8,omp,dct,gaussian,shared,int8,gray,
kodak,kodim07,kodim07.png,768,512,1,jpeg,baseline,jpeg,JPEG,0,quality,50.0,0.672302,35.777099,0.95054,2.626483,0.000692,0.000797,33045,,,,,,,,
kodak,kodim07,kodim07.png,768,512,1,jpeg,baseline,jpeg,JPEG,0,quality,70.0,0.89738,37.7523,0.964907,2.12028,0.00072,0.000631,44108,,,,,,,,
kodak,kodim07,kodim07.png,768,512,1,imcs,imcs,imcs_omp_dct_shared_float64_b8,IMCS OMP DCT shared float64,0,compression_ratio,0.08,5.001221,5.993105,0.000567,111.208114,0.137195,1.105728,245820,8,omp,dct,gaussian,shared,float64,gray,
kodak,kodim07,kodim07.png,768,512,1,imcs,imcs,imcs_omp_dct_shared_float64_b8,IMCS OMP DCT shared float64,0,compression_ratio,0.12,7.001221,5.098971,0.000581,115.395776,0.132582,1.307987,344124,8,omp,dct,gaussian,shared,float64,gray,
kodak,kodim07,kodim07.png,768,512,1,imcs,imcs,imcs_omp_dct_shared_float64_b8,IMCS OMP DCT shared float64,0,compression_ratio,0.16,10.001221,5.324122,0.025584,110.415282,0.180002,1.371458,491580,8,omp,dct,gaussian,shared,float64,gray,
kodak,kodim07,kodim07.png,768,512,1,imcs,imcs,imcs_omp_dct_shared_int16_b8,IMCS OMP DCT shared int16,0,compression_ratio,0.08,1.251221,5.993105,0.000567,111.208111,0.087102,1.126057,61500,8,omp,dct,gaussian,shared,int16,gray,
kodak,kodim07,kodim07.png,768,512,1,imcs,imcs,imcs_omp_dct_shared_int16_b8,IMCS OMP DCT shared int16,0,compression_ratio,0.12,1.751221,5.098971,0.000581,115.395777,0.08108,0.683694,86076,8,omp,dct,gaussian,shared,int16,gray,
kodak,kodim07,kodim07.png,768,512,1,imcs,imcs,imcs_omp_dct_shared_int16_b8,IMCS OMP DCT shared int16,0,compression_ratio,0.16,2.501221,5.324011,0.025588,110.414787,0.087699,0.712812,122940,8,omp,dct,gaussian,shared,int16,gray,
kodak,kodim07,kodim07.png,768,512,1,imcs,imcs,imcs_omp_dct_shared_int8_b8,IMCS OMP DCT shared int8,0,compression_ratio,0.08,0.626221,5.992453,0.000555,111.212544,0.076079,0.657567,30780,8,omp,dct,gaussian,shared,int8,gray,
kodak,kodim07,kodim07.png,768,512,1,imcs,imcs,imcs_omp_dct_shared_int8_b8,IMCS OMP DCT shared int8,0,compression_ratio,0.12,0.876221,5.106001,0.000564,115.351459,0.079757,0.697304,43068,8,omp,dct,gaussian,shared,int8,gray,
kodak,kodim07,kodim07.png,768,512,1,imcs,imcs,imcs_omp_dct_shared_int8_b8,IMCS OMP DCT shared int8,0,compression_ratio,0.16,1.251221,5.31432,0.026348,110.425899,0.088766,0.740262,61500,8,omp,dct,gaussian,shared,int8,gray,
kodak,kodim08,kodim08.png,768,512,1,jpeg,baseline,jpeg,JPEG,0,quality,50.0,1.311646,30.241514,0.916515,5.680092,0.000834,0.000851,64470,,,,,,,,
kodak,kodim08,kodim08.png,768,512,1,jpeg,baseline,jpeg,JPEG,0,quality,70.0,1.753723,32.473207,0.942531,4.458951,0.00084,0.000959,86199,,,,,,,,
kodak,kodim08,kodim08.png,768,512,1,imcs,imcs,imcs_omp_dct_shared_float64_b8,IMCS OMP DCT shared float64,0,compression_ratio,0.08,5.001221,4.37583,0.002397,125.560441,0.079323,0.67202,245820,8,omp,dct,gaussian,shared,float64,gray,
kodak,kodim08,kodim08.png,768,512,1,imcs,imcs,imcs_omp_dct_shared_float64_b8,IMCS OMP DCT shared float64,0,compression_ratio,0.12,7.001221,3.673238,0.005537,130.226649,0.079733,0.689031,344124,8,omp,dct,gaussian,shared,float64,gray,
kodak,kodim08,kodim08.png,768,512,1,imcs,imcs,imcs_omp_dct_shared_float64_b8,IMCS OMP DCT shared float64,0,compression_ratio,0.16,10.001221,4.004666,0.052925,120.311705,0.086654,0.707422,491580,8,omp,dct,gaussian,shared,float64,gray,
kodak,kodim08,kodim08.png,768,512,1,imcs,imcs,imcs_omp_dct_shared_int16_b8,IMCS OMP DCT shared int16,0,compression_ratio,0.08,1.251221,4.375867,0.002397,125.560137,0.075985,0.655111,61500,8,omp,dct,gaussian,shared,int16,gray,
kodak,kodim08,kodim08.png,768,512,1,imcs,imcs,imcs_omp_dct_shared_int16_b8,IMCS OMP DCT shared int16,0,compression_ratio,0.12,1.751221,3.673266,0.005538,130.226666,0.080503,0.658549,86076,8,omp,dct,gaussian,shared,int16,gray,
kodak,kodim08,kodim08.png,768,512,1,imcs,imcs,imcs_omp_dct_shared_int16_b8,IMCS OMP DCT shared int16,0,compression_ratio,0.16,2.501221,4.00458,0.052817,120.31797,0.087976,0.69153,122940,8,omp,dct,gaussian,shared,int16,gray,
kodak,kodim08,kodim08.png,768,512,1,imcs,imcs,imcs_omp_dct_shared_int8_b8,IMCS OMP DCT shared int8,0,compression_ratio,0.08,0.626221,4.375129,0.002331,125.56036,0.07474,0.66278,30780,8,omp,dct,gaussian,shared,int8,gray,
kodak,kodim08,kodim08.png,768,512,1,imcs,imcs,imcs_omp_dct_shared_int8_b8,IMCS OMP DCT shared int8,0,compression_ratio,0.12,0.876221,3.674025,0.005494,130.216335,0.083422,0.661831,43068,8,omp,dct,gaussian,shared,int8,gray,
kodak,kodim08,kodim08.png,768,512,1,imcs,imcs,imcs_omp_dct_shared_int8_b8,IMCS OMP DCT shared int8,0,compression_ratio,0.16,1.251221,4.008596,0.054073,120.283149,0.088849,0.69855,61500,8,omp,dct,gaussian,shared,int8,gray,
kodak,kodim09,kodim09.png,512,768,1,jpeg,baseline,jpeg,JPEG,0,quality,50.0,0.561584,35.765547,0.927706,2.80486,0.00065,0.000484,27603,,,,,,,,
kodak,kodim09,kodim09.png,512,768,1,jpeg,baseline,jpeg,JPEG,0,quality,70.0,0.777466,37.554462,0.942626,2.352554,0.0007,0.000582,38214,,,,,,,,
kodak,kodim09,kodim09.png,512,768,1,imcs,imcs,imcs_omp_dct_shared_float64_b8,IMCS OMP DCT shared float64,0,compression_ratio,0.08,5.001221,4.552566,0.000644,133.057593,0.073104,0.640934,245820,8,omp,dct,gaussian,shared,float64,gray,
kodak,kodim09,kodim09.png,512,768,1,imcs,imcs,imcs_omp_dct_shared_float64_b8,IMCS OMP DCT shared float64,0,compression_ratio,0.12,7.001221,3.618641,0.000589,137.89118,0.079162,0.655712,344124,8,omp,dct,gaussian,shared,float64,gray,
kodak,kodim09,kodim09.png,512,768,1,imcs,imcs,imcs_omp_dct_shared_float64_b8,IMCS OMP DCT shared float64,0,compression_ratio,0.16,10.001221,3.747524,0.014806,134.422837,0.086092,0.674265,491580,8,omp,dct,gaussian,shared,float64,gray,
kodak,kodim09,kodim09.png,512,768,1,imcs,imcs,imcs_omp_dct_shared_int16_b8,IMCS OMP DCT shared int16,0,compression_ratio,0.08,1.251221,4.552566,0.000647,133.057448,0.073843,0.636787,61500,8,omp,dct,gaussian,shared,int16,gray,
kodak,kodim09,kodim09.png,512,768,1,imcs,imcs,imcs_omp_dct_shared_int16_b8,IMCS OMP DCT shared int16,0,compression_ratio,0.12,1.751221,3.618807,0.000589,137.889837,0.078821,0.660267,86076,8,omp,dct,gaussian,shared,int16,gray,
kodak,kodim09,kodim09.png,512,768,1,imcs,imcs,imcs_omp_dct_shared_int16_b8,IMCS OMP DCT shared int16,0,compression_ratio,0.16,2.501221,3.74744,0.014806,134.422719,0.085931,0.711817,122940,8,omp,dct,gaussian,shared,int16,gray,
kodak,kodim09,kodim09.png,512,768,1,imcs,imcs,imcs_omp_dct_shared_int8_b8,IMCS OMP DCT shared int8,0,compression_ratio,0.08,0.626221,4.553207,0.00065,133.055395,0.07528,0.648873,30780,8,omp,dct,gaussian,shared,int8,gray,
kodak,kodim09,kodim09.png,512,768,1,imcs,imcs,imcs_omp_dct_shared_int8_b8,IMCS OMP DCT shared int8,0,compression_ratio,0.12,0.876221,3.622495,0.000612,137.872512,0.079451,0.651811,43068,8,omp,dct,gaussian,shared,int8,gray,
kodak,kodim09,kodim09.png,512,768,1,imcs,imcs,imcs_omp_dct_shared_int8_b8,IMCS OMP DCT shared int8,0,compression_ratio,0.16,1.251221,3.747398,0.015576,134.287695,0.085861,0.682732,61500,8,omp,dct,gaussian,shared,int8,gray,
kodak,kodim10,kodim10.png,512,768,1,jpeg,baseline,jpeg,JPEG,0,quality,50.0,0.629761,35.48591,0.922054,2.931755,0.000698,0.000526,30954,,,,,,,,
kodak,kodim10,kodim10.png,512,768,1,jpeg,baseline,jpeg,JPEG,0,quality,70.0,0.870036,37.384377,0.941467,2.431643,0.000715,0.000624,42764,,,,,,,,
kodak,kodim10,kodim10.png,512,768,1,imcs,imcs,imcs_omp_dct_shared_float64_b8,IMCS OMP DCT shared float64,0,compression_ratio,0.08,5.001221,5.171531,0.001512,122.420462,0.073341,0.633051,245820,8,omp,dct,gaussian,shared,float64,gray,
kodak,kodim10,kodim10.png,512,768,1,imcs,imcs,imcs_omp_dct_shared_float64_b8,IMCS OMP DCT shared float64,0,compression_ratio,0.12,7.001221,4.28029,0.001746,126.725079,0.07944,0.663296,344124,8,omp,dct,gaussian,shared,float64,gray,
kodak,kodim10,kodim10.png,512,768,1,imcs,imcs,imcs_omp_dct_shared_float64_b8,IMCS OMP DCT shared float64,0,compression_ratio,0.16,10.001221,4.398947,0.020423,123.324938,0.085679,0.668833,491580,8,omp,dct,gaussian,shared,float64,gray,
kodak,kodim10,kodim10.png,512,768,1,imcs,imcs,imcs_omp_dct_shared_int16_b8,IMCS OMP DCT shared int16,0,compression_ratio,0.08,1.251221,5.171531,0.001512,122.420496,0.07372,0.862919,61500,8,omp,dct,gaussian,shared,int16,gray,
kodak,kodim10,kodim10.png,512,768,1,imcs,imcs,imcs_omp_dct_shared_int16_b8,IMCS OMP DCT shared int16,0,compression_ratio,0.12,1.751221,4.280247,0.001746,126.724972,0.080768,1.250844,86076,8,omp,dct,gaussian,shared,int16,gray,
kodak,kodim10,kodim10.png,512,768,1,imcs,imcs,imcs_omp_dct_shared_int16_b8,IMCS OMP DCT shared int16,0,compression_ratio,0.16,2.501221,4.398998,0.020423,123.324299,0.087838,1.421747,122940,8,omp,dct,gaussian,shared,int16,gray,
kodak,kodim10,kodim10.png,512,768,1,imcs,imcs,imcs_omp_dct_shared_int8_b8,IMCS OMP DCT shared int8,0,compression_ratio,0.08,0.626221,5.171549,0.001498,122.417512,0.077722,1.42983,30780,8,omp,dct,gaussian,shared,int8,gray,
kodak,kodim10,kodim10.png,512,768,1,imcs,imcs,imcs_omp_dct_shared_int8_b8,IMCS OMP DCT shared int8,0,compression_ratio,0.12,0.876221,4.28174,0.001769,126.711079,0.080799,1.394866,43068,8,omp,dct,gaussian,shared,int8,gray,
kodak,kodim10,kodim10.png,512,768,1,imcs,imcs,imcs_omp_dct_shared_int8_b8,IMCS OMP DCT shared int8,0,compression_ratio,0.16,1.251221,4.394599,0.021457,123.299319,0.087071,1.142114,61500,8,omp,dct,gaussian,shared,int8,gray,
kodak,kodim11,kodim11.png,768,512,1,jpeg,baseline,jpeg,JPEG,0,quality,50.0,0.848531,32.608785,0.901736,4.056961,0.000715,0.000614,41707,,,,,,,,
kodak,kodim11,kodim11.png,768,512,1,jpeg,baseline,jpeg,JPEG,0,quality,70.0,1.164347,34.588941,0.931307,3.296244,0.000767,0.000757,57230,,,,,,,,
kodak,kodim11,kodim11.png,768,512,1,imcs,imcs,imcs_omp_dct_shared_float64_b8,IMCS OMP DCT shared float64,0,compression_ratio,0.08,5.001221,7.081103,0.005917,94.393577,0.076068,0.635264,245820,8,omp,dct,gaussian,shared,float64,gray,
kodak,kodim11,kodim11.png,768,512,1,imcs,imcs,imcs_omp_dct_shared_float64_b8,IMCS OMP DCT shared float64,0,compression_ratio,0.12,7.001221,6.271009,0.008883,97.766727,0.080805,0.642993,344124,8,omp,dct,gaussian,shared,float64,gray,
kodak,kodim11,kodim11.png,768,512,1,imcs,imcs,imcs_omp_dct_shared_float64_b8,IMCS OMP DCT shared float64,0,compression_ratio,0.16,10.001221,6.438346,0.052419,93.125285,0.087139,0.690832,491580,8,omp,dct,gaussian,shared,float64,gray,
kodak,kodim11,kodim11.png,768,512,1,imcs,imcs,imcs_omp_dct_shared_int16_b8,IMCS OMP DCT shared int16,0,compression_ratio,0.08,1.251221,7.081101,0.005917,94.393554,0.075325,0.658528,61500,8,omp,dct,gaussian,shared,int16,gray,
kodak,kodim11,kodim11.png,768,512,1,imcs,imcs,imcs_omp_dct_shared_int16_b8,IMCS OMP DCT shared int16,0,compression_ratio,0.12,1.751221,6.270834,0.008883,97.767552,0.082459,0.660361,86076,8,omp,dct,gaussian,shared,int16,gray,
kodak,kodim11,kodim11.png,768,512,1,imcs,imcs,imcs_omp_dct_shared_int16_b8,IMCS OMP DCT shared int16,0,compression_ratio,0.16,2.501221,6.438332,0.052422,93.12512,0.085951,0.721371,122940,8,omp,dct,gaussian,shared,int16,gray,
kodak,kodim11,kodim11.png,768,512,1,imcs,imcs,imcs_omp_dct_shared_int8_b8,IMCS OMP DCT shared int8,0,compression_ratio,0.08,0.626221,7.080778,0.005899,94.395895,0.07408,0.664322,30780,8,omp,dct,gaussian,shared,int8,gray,
kodak,kodim11,kodim11.png,768,512,1,imcs,imcs,imcs_omp_dct_shared_int8_b8,IMCS OMP DCT shared int8,0,compression_ratio,0.12,0.876221,6.280784,0.008877,97.729083,0.079825,0.687688,43068,8,omp,dct,gaussian,shared,int8,gray,
kodak,kodim11,kodim11.png,768,512,1,imcs,imcs,imcs_omp_dct_shared_int8_b8,IMCS OMP DCT shared int8,0,compression_ratio,0.16,1.251221,6.427826,0.051607,93.228648,0.087873,0.681944,61500,8,omp,dct,gaussian,shared,int8,gray,
kodak,kodim12,kodim12.png,768,512,1,jpeg,baseline,jpeg,JPEG,0,quality,50.0,0.591288,35.819187,0.916126,2.829323,0.000656,0.000494,29063,,,,,,,,
kodak,kodim12,kodim12.png,768,512,1,jpeg,baseline,jpeg,JPEG,0,quality,70.0,0.832153,37.581072,0.939069,2.348801,0.000727,0.000621,40902,,,,,,,,
kodak,kodim12,kodim12.png,768,512,1,imcs,imcs,imcs_omp_dct_shared_float64_b8,IMCS OMP DCT shared float64,0,compression_ratio,0.08,5.001221,2.81081,0.000254,163.150165,0.073641,0.646166,245820,8,omp,dct,gaussian,shared,float64,gray,
kodak,kodim12,kodim12.png,768,512,1,imcs,imcs,imcs_omp_dct_shared_float64_b8,IMCS OMP DCT shared float64,0,compression_ratio,0.12,7.001221,1.81803,0.000282,169.248332,0.080036,0.653131,344124,8,omp,dct,gaussian,shared,float64,gray,
kodak,kodim12,kodim12.png,768,512,1,imcs,imcs,imcs_omp_dct_shared_float64_b8,IMCS OMP DCT shared float64,0,compression_ratio,0.16,10.001221,1.88773,0.016759,166.880982,0.085502,0.858827,491580,8,omp,dct,gaussian,shared,float64,gray,
kodak,kodim12,kodim12.png,768,512,1,imcs,imcs,imcs_omp_dct_shared_int16_b8,IMCS OMP DCT shared int16,0,compression_ratio,0.08,1.251221,2.810809,0.000254,163.150168,0.0736,0.630032,61500,8,omp,dct,gaussian,shared,int16,gray,
kodak,kodim12,kodim12.png,768,512,1,imcs,imcs,imcs_omp_dct_shared_int16_b8,IMCS OMP DCT shared int16,0,compression_ratio,0.12,1.751221,1.817906,0.000283,169.249682,0.079434,0.65284,86076,8,omp,dct,gaussian,shared,int16,gray,
kodak,kodim12,kodim12.png,768,512,1,imcs,imcs,imcs_omp_dct_shared_int16_b8,IMCS OMP DCT shared int16,0,compression_ratio,0.16,2.501221,1.887695,0.016756,166.881794,0.085468,0.685761,122940,8,omp,dct,gaussian,shared,int16,gray,
kodak,kodim12,kodim12.png,768,512,1,imcs,imcs,imcs_omp_dct_shared_int8_b8,IMCS OMP DCT shared int8,0,compression_ratio,0.08,0.626221,2.811204,0.000259,163.14878,0.073932,0.649896,30780,8,omp,dct,gaussian,shared,int8,gray,
kodak,kodim12,kodim12.png,768,512,1,imcs,imcs,imcs_omp_dct_shared_int8_b8,IMCS OMP DCT shared int8,0,compression_ratio,0.12,0.876221,1.825212,0.000274,169.178243,0.078852,0.670299,43068,8,omp,dct,gaussian,shared,int8,gray,
kodak,kodim12,kodim12.png,768,512,1,imcs,imcs,imcs_omp_dct_shared_int8_b8,IMCS OMP DCT shared int8,0,compression_ratio,0.16,1.251221,1.885692,0.016595,166.919528,0.085812,0.747955,61500,8,omp,dct,gaussian,shared,int8,gray,
kodak,kodim13,kodim13.png,768,512,1,jpeg,baseline,jpeg,JPEG,0,quality,50.0,1.455912,28.086507,0.8768,7.428294,0.000793,0.000879,71561,,,,,,,,
kodak,kodim13,kodim13.png,768,512,1,jpeg,baseline,jpeg,JPEG,0,quality,70.0,1.988342,30.348951,0.918546,5.841197,0.000881,0.001055,97731,,,,,,,,
kodak,kodim13,kodim13.png,768,512,1,imcs,imcs,imcs_omp_dct_shared_float64_b8,IMCS OMP DCT shared float64,0,compression_ratio,0.08,5.001221,5.561184,0.001565,110.281748,0.074867,0.636967,245820,8,omp,dct,gaussian,shared,float64,gray,
kodak,kodim13,kodim13.png,768,512,1,imcs,imcs,imcs_omp_dct_shared_float64_b8,IMCS OMP DCT shared float64,0,compression_ratio,0.12,7.001221,4.866818,0.002229,114.102386,0.082007,0.662461,344124,8,omp,dct,gaussian,shared,float64,gray,
kodak,kodim13,kodim13.png,768,512,1,imcs,imcs,imcs_omp_dct_shared_float64_b8,IMCS OMP DCT shared float64,0,compression_ratio,0.16,10.001221,5.211003,0.066212,104.311927,0.085756,0.706916,491580,8,omp,dct,gaussian,shared,float64,gray,
kodak,kodim13,kodim13.png,768,512,1,imcs,imcs,imcs_omp_dct_shared_int16_b8,IMCS OMP DCT shared int16,0,compression_ratio,0.08,1.251221,5.561187,0.001565,110.281982,0.074958,0.652759,61500,8,omp,dct,gaussian,shared,int16,gray,
kodak,kodim13,kodim13.png,768,512,1,imcs,imcs,imcs_omp_dct_shared_int16_b8,IMCS OMP DCT shared int16,0,compression_ratio,0.12,1.751221,4.866818,0.002229,114.102381,0.079667,0.651504,86076,8,omp,dct,gaussian,shared,int16,gray,
kodak,kodim13,kodim13.png,768,512,1,imcs,imcs,imcs_omp_dct_shared_int16_b8,IMCS OMP DCT shared int16,0,compression_ratio,0.16,2.501221,5.211001,0.06621,104.311191,0.08905,0.681751,122940,8,omp,dct,gaussian,shared,int16,gray,
kodak,kodim13,kodim13.png,768,512,1,imcs,imcs,imcs_omp_dct_shared_int8_b8,IMCS OMP DCT shared int8,0,compression_ratio,0.08,0.626221,5.562541,0.001567,110.277347,0.07544,0.634731,30780,8,omp,dct,gaussian,shared,int8,gray,
kodak,kodim13,kodim13.png,768,512,1,imcs,imcs,imcs_omp_dct_shared_int8_b8,IMCS OMP DCT shared int8,0,compression_ratio,0.12,0.876221,4.869455,0.002236,114.094826,0.082345,0.659678,43068,8,omp,dct,gaussian,shared,int8,gray,
kodak,kodim13,kodim13.png,768,512,1,imcs,imcs,imcs_omp_dct_shared_int8_b8,IMCS OMP DCT shared int8,0,compression_ratio,0.16,1.251221,5.20781,0.067183,104.269378,0.086808,0.725064,61500,8,omp,dct,gaussian,shared,int8,gray,
kodak,kodim14,kodim14.png,768,512,1,jpeg,baseline,jpeg,JPEG,0,quality,50.0,1.039978,31.920503,0.896496,4.669418,0.00074,0.000705,51117,,,,,,,,
kodak,kodim14,kodim14.png,768,512,1,jpeg,baseline,jpeg,JPEG,0,quality,70.0,1.419332,33.813424,0.928104,3.796717,0.000794,0.000857,69763,,,,,,,,
kodak,kodim14,kodim14.png,768,512,1,imcs,imcs,imcs_omp_dct_shared_float64_b8,IMCS OMP DCT shared float64,0,compression_ratio,0.08,5.001221,6.68181,0.003525,96.517442,0.075269,1.134375,245820,8,omp,dct,gaussian,shared,float64,gray,
kodak,kodim14,kodim14.png,768,512,1,imcs,imcs,imcs_omp_dct_shared_float64_b8,IMCS OMP DCT shared float64,0,compression_ratio,0.12,7.001221,5.939466,0.005747,99.765026,0.11235,1.417771,344124,8,omp,dct,gaussian,shared,float64,gray,
kodak,kodim14,kodim14.png,768,512,1,imcs,imcs,imcs_omp_dct_shared_float64_b8,IMCS OMP DCT shared float64,0,compression_ratio,0.16,10.001221,6.239662,0.060833,91.779274,0.108517,1.388618,491580,8,omp,dct,gaussian,shared,float64,gray,
kodak,kodim14,kodim14.png,768,512,1,imcs,imcs,imcs_omp_dct_shared_int16_b8,IMCS OMP DCT shared int16,0,compression_ratio,0.08,1.251221,6.681734,0.003525,96.517448,0.183066,1.187807,61500,8,omp,dct,gaussian,shared,int16,gray,
kodak,kodim14,kodim14.png,768,512,1,imcs,imcs,imcs_omp_dct_shared_int16_b8,IMCS OMP DCT shared int16,0,compression_ratio,0.12,1.751221,5.939416,0.005747,99.765453,0.11925,1.353136,86076,8,omp,dct,gaussian,shared,int16,gray,
kodak,kodim14,kodim14.png,768,512,1,imcs,imcs,imcs_omp_dct_shared_int16_b8,IMCS OMP DCT shared int16,0,compression_ratio,0.16,2.501221,6.239672,0.060843,91.778216,0.194958,0.932668,122940,8,omp,dct,gaussian,shared,int16,gray,
kodak,kodim14,kodim14.png,768,512,1,imcs,imcs,imcs_omp_dct_shared_int8_b8,IMCS OMP DCT shared int8,0,compression_ratio,0.08,0.626221,6.681577,0.003496,96.524334,0.076079,0.63727,30780,8,omp,dct,gaussian,shared,int8,gray,
kodak,kodim14,kodim14.png,768,512,1,imcs,imcs,imcs_omp_dct_shared_int8_b8,IMCS OMP DCT shared int8,0,compression_ratio,0.12,0.876221,5.940367,0.005758,99.759348,0.079437,0.671949,43068,8,omp,dct,gaussian,shared,int8,gray,
kodak,kodim14,kodim14.png,768,512,1,imcs,imcs,imcs_omp_dct_shared_int8_b8,IMCS OMP DCT shared int8,0,compression_ratio,0.16,1.251221,6.244146,0.061812,91.650379,0.086657,0.75028,61500,8,omp,dct,gaussian,shared,int8,gray,
kodak,kodim15,kodim15.png,768,512,1,jpeg,baseline,jpeg,JPEG,0,quality,50.0,0.606466,34.817105,0.91612,2.98202,0.000669,0.00051,29809,,,,,,,,
kodak,kodim15,kodim15.png,768,512,1,jpeg,baseline,jpeg,JPEG,0,quality,70.0,0.847738,36.666046,0.938607,2.451345,0.000713,0.000666,41668,,,,,,,,
kodak,kodim15,kodim15.png,768,512,1,imcs,imcs,imcs_omp_dct_shared_float64_b8,IMCS OMP DCT shared float64,0,compression_ratio,0.08,5.001221,4.634758,0.015685,110.003545,0.07423,0.68425,245820,8,omp,dct,gaussian,shared,float64,gray,
kodak,kodim15,kodim15.png,768,512,1,imcs,imcs,imcs_omp_dct_shared_float64_b8,IMCS OMP DCT shared float64,0,compression_ratio,0.12,7.001221,3.553758,0.030679,114.634821,0.080418,0.691063,344124,8,omp,dct,gaussian,shared,float64,gray,
kodak,kodim15,kodim15.png,768,512,1,imcs,imcs,imcs_omp_dct_shared_float64_b8,IMCS OMP DCT shared float64,0,compression_ratio,0.16,10.001221,3.905158,0.081822,109.539172,0.089685,0.717503,491580,8,omp,dct,gaussian,shared,float64,gray,
kodak,kodim15,kodim15.png,768,512,1,imcs,imcs,imcs_omp_dct_shared_int16_b8,IMCS OMP DCT shared int16,0,compression_ratio,0.08,1.251221,4.634757,0.015685,110.003547,0.076025,0.660042,61500,8,omp,dct,gaussian,shared,int16,gray,
kodak,kodim15,kodim15.png,768,512,1,imcs,imcs,imcs_omp_dct_shared_int16_b8,IMCS OMP DCT shared int16,0,compression_ratio,0.12,1.751221,3.553757,0.030679,114.634885,0.081428,0.67986,86076,8,omp,dct,gaussian,shared,int16,gray,
kodak,kodim15,kodim15.png,768,512,1,imcs,imcs,imcs_omp_dct_shared_int16_b8,IMCS OMP DCT shared int16,0,compression_ratio,0.16,2.501221,3.905179,0.081963,109.533779,0.086346,0.717723,122940,8,omp,dct,gaussian,shared,int16,gray,
kodak,kodim15,kodim15.png,768,512,1,imcs,imcs,imcs_omp_dct_shared_int8_b8,IMCS OMP DCT shared int8,0,compression_ratio,0.08,0.626221,4.634364,0.015635,110.00807,0.076034,0.668129,30780,8,omp,dct,gaussian,shared,int8,gray,
kodak,kodim15,kodim15.png,768,512,1,imcs,imcs,imcs_omp_dct_shared_int8_b8,IMCS OMP DCT shared int8,0,compression_ratio,0.12,0.876221,3.563312,0.030666,114.574951,0.081401,0.676933,43068,8,omp,dct,gaussian,shared,int8,gray,
kodak,kodim15,kodim15.png,768,512,1,imcs,imcs,imcs_omp_dct_shared_int8_b8,IMCS OMP DCT shared int8,0,compression_ratio,0.16,1.251221,3.888637,0.086088,109.620273,0.087813,0.709324,61500,8,omp,dct,gaussian,shared,int8,gray,
kodak,kodim16,kodim16.png,768,512,1,jpeg,baseline,jpeg,JPEG,0,quality,50.0,0.713359,34.078506,0.913577,3.422147,0.000719,0.000565,35063,,,,,,,,
kodak,kodim16,kodim16.png,768,512,1,jpeg,baseline,jpeg,JPEG,0,quality,70.0,0.978923,35.936172,0.940059,2.779409,0.000738,0.000698,48116,,,,,,,,
kodak,kodim16,kodim16.png,768,512,1,imcs,imcs,imcs_omp_dct_shared_float64_b8,IMCS OMP DCT shared float64,0,compression_ratio,0.08,5.001221,6.216249,0.000828,105.213067,0.07395,0.693249,245820,8,omp,dct,gaussian,shared,float64,gray,
kodak,kodim16,kodim16.png,768,512,1,imcs,imcs,imcs_omp_dct_shared_float64_b8,IMCS OMP DCT shared float64,0,compression_ratio,0.12,7.001221,5.318858,0.002003,108.83904,0.078855,0.691407,344124,8,omp,dct,gaussian,shared,float64,gray,
kodak,kodim16,kodim16.png,768,512,1,imcs,imcs,imcs_omp_dct_shared_float64_b8,IMCS OMP DCT shared float64,0,compression_ratio,0.16,10.001221,5.455702,0.039893,104.422158,0.085524,0.681916,491580,8,omp,dct,gaussian,shared,float64,gray,
kodak,kodim16,kodim16.png,768,512,1,imcs,imcs,imcs_omp_dct_shared_int16_b8,IMCS OMP DCT shared int16,0,compression_ratio,0.08,1.251221,6.216249,0.000828,105.213067,0.074024,0.662124,61500,8,omp,dct,gaussian,shared,int16,gray,
kodak,kodim16,kodim16.png,768,512,1,imcs,imcs,imcs_omp_dct_shared_int16_b8,IMCS OMP DCT shared int16,0,compression_ratio,0.12,1.751221,5.318919,0.002003,108.838742,0.078981,0.723503,86076,8,omp,dct,gaussian,shared,int16,gray,
kodak,kodim16,kodim16.png,768,512,1,imcs,imcs,imcs_omp_dct_shared_int16_b8,IMCS OMP DCT shared int16,0,compression_ratio,0.16,2.501221,5.455687,0.03989,104.422238,0.085749,0.709287,122940,8,omp,dct,gaussian,shared,int16,gray,
kodak,kodim16,kodim16.png,768,512,1,imcs,imcs,imcs_omp_dct_shared_int8_b8,IMCS OMP DCT shared int8,0,compression_ratio,0.08,0.626221,6.215984,0.000835,105.213152,0.075173,0.667723,30780,8,omp,dct,gaussian,shared,int8,gray,
kodak,kodim16,kodim16.png,768,512,1,imcs,imcs,imcs_omp_dct_shared_int8_b8,IMCS OMP DCT shared int8,0,compression_ratio,0.12,0.876221,5.325112,0.002017,108.799241,0.080419,0.69241,43068,8,omp,dct,gaussian,shared,int8,gray,
kodak,kodim16,kodim16.png,768,512,1,imcs,imcs,imcs_omp_dct_shared_int8_b8,IMCS OMP DCT shared int8,0,compression_ratio,0.16,1.251221,5.44636,0.039006,104.532623,0.08892,0.767151,61500,8,omp,dct,gaussian,shared,int8,gray,
kodak,kodim17,kodim17.png,512,768,1,jpeg,baseline,jpeg,JPEG,0,quality,50.0,0.709696,34.598197,0.924412,3.153687,0.000697,0.000553,34883,,,,,,,,
kodak,kodim17,kodim17.png,512,768,1,jpeg,baseline,jpeg,JPEG,0,quality,70.0,0.972941,36.477843,0.944895,2.594663,0.000733,0.00066,47822,,,,,,,,
kodak,kodim17,kodim17.png,512,768,1,imcs,imcs,imcs_omp_dct_shared_float64_b8,IMCS OMP DCT shared float64,0,compression_ratio,0.08,5.001221,7.971515,0.016168,79.05474,0.075576,0.876712,245820,8,omp,dct,gaussian,shared,float64,gray,
kodak,kodim17,kodim17.png,512,768,1,imcs,imcs,imcs_omp_dct_shared_float64_b8,IMCS OMP DCT shared float64,0,compression_ratio,0.12,7.001221,7.205833,0.032676,81.638482,0.081585,0.748018,344124,8,omp,dct,gaussian,shared,float64,gray,
kodak,kodim17,kodim17.png,512,768,1,imcs,imcs,imcs_omp_dct_shared_float64_b8,IMCS OMP DCT shared float64,0,compression_ratio,0.16,10.001221,7.503638,0.112696,75.46567,0.087287,0.721587,491580,8,omp,dct,gaussian,shared,float64,gray,
kodak,kodim17,kodim17.png,512,768,1,imcs,imcs,imcs_omp_dct_shared_int16_b8,IMCS OMP DCT shared int16,0,compression_ratio,0.08,1.251221,7.971514,0.016168,79.05474,0.073976,0.647624,61500,8,omp,dct,gaussian,shared,int16,gray,
kodak,kodim17,kodim17.png,512,768,1,imcs,imcs,imcs_omp_dct_shared_int16_b8,IMCS OMP DCT shared int16,0,compression_ratio,0.12,1.751221,7.205476,0.032677,81.640051,0.079032,1.065166,86076,8,omp,dct,gaussian,shared,int16,gray,
kodak,kodim17,kodim17.png,512,768,1,imcs,imcs,imcs_omp_dct_shared_int16_b8,IMCS OMP DCT shared int16,0,compression_ratio,0.16,2.501221,7.503695,0.112699,75.465355,0.087063,1.266257,122940,8,omp,dct,gaussian,shared,int16,gray,
kodak,kodim17,kodim17.png,512,768,1,imcs,imcs,imcs_omp_dct_shared_int8_b8,IMCS OMP DCT shared int8,0,compression_ratio,0.08,0.626221,7.973103,0.016079,79.049247,0.149798,1.084344,30780,8,omp,dct,gaussian,shared,int8,gray,
kodak,kodim17,kodim17.png,512,768,1,imcs,imcs,imcs_omp_dct_shared_int8_b8,IMCS OMP DCT shared int8,0,compression_ratio,0.12,0.876221,7.208564,0.032462,81.62691,0.129434,1.186159,43068,8,omp,dct,gaussian,shared,int8,gray,
kodak,kodim17,kodim17.png,512,768,1,imcs,imcs,imcs_omp_dct_shared_int8_b8,IMCS OMP DCT shared int8,0,compression_ratio,0.16,1.251221,7.503832,0.116652,75.369048,0.134876,1.344482,61500,8,omp,dct,gaussian,shared,int8,gray,
kodak,kodim18,kodim18.png,512,768,1,jpeg,baseline,jpeg,JPEG,0,quality,50.0,1.009603,31.392776,0.899223,4.763102,0.000885,0.000777,49624,,,,,,,,
kodak,kodim18,kodim18.png,512,768,1,jpeg,baseline,jpeg,JPEG,0,quality,70.0,1.388896,33.438305,0.927864,3.872205,0.000808,0.000896,68267,,,,,,,,
kodak,kodim18,kodim18.png,512,768,1,imcs,imcs,imcs_omp_dct_shared_float64_b8,IMCS OMP DCT shared float64,0,compression_ratio,0.08,5.001221,8.894982,0.008802,73.587811,0.159433,1.123353,245820,8,omp,dct,gaussian,shared,float64,gray,
kodak,kodim18,kodim18.png,512,768,1,imcs,imcs,imcs_omp_dct_shared_float64_b8,IMCS OMP DCT shared float64,0,compression_ratio,0.12,7.001221,8.253311,0.011143,76.026106,0.161481,0.685427,344124,8,omp,dct,gaussian,shared,float64,gray,
kodak,kodim18,kodim18.png,512,768,1,imcs,imcs,imcs_omp_dct_shared_float64_b8,IMCS OMP DCT shared float64,0,compression_ratio,0.16,10.001221,8.761786,0.099729,68.0165,0.092682,0.727226,491580,8,omp,dct,gaussian,shared,float64,gray,
kodak,kodim18,kodim18.png,512,768,1,imcs,imcs,imcs_omp_dct_shared_int16_b8,IMCS OMP DCT shared int16,0,compression_ratio,0.08,1.251221,8.894989,0.008801,73.587819,0.073701,0.620456,61500,8,omp,dct,gaussian,shared,int16,gray,
kodak,kodim18,kodim18.png,512,768,1,imcs,imcs,imcs_omp_dct_shared_int16_b8,IMCS OMP DCT shared int16,0,compression_ratio,0.12,1.751221,8.253267,0.011143,76.026309,0.079069,0.676917,86076,8,omp,dct,gaussian,shared,int16,gray,
kodak,kodim18,kodim18.png,512,768,1,imcs,imcs,imcs_omp_dct_shared_int16_b8,IMCS OMP DCT shared int16,0,compression_ratio,0.16,2.501221,8.761468,0.099711,68.017459,0.086615,0.690984,122940,8,omp,dct,gaussian,shared,int16,gray,
kodak,kodim18,kodim18.png,512,768,1,imcs,imcs,imcs_omp_dct_shared_int8_b8,IMCS OMP DCT shared int8,0,compression_ratio,0.08,0.626221,8.895266,0.008818,73.585819,0.076293,0.679401,30780,8,omp,dct,gaussian,shared,int8,gray,
kodak,kodim18,kodim18.png,512,768,1,imcs,imcs,imcs_omp_dct_shared_int8_b8,IMCS OMP DCT shared int8,0,compression_ratio,0.12,0.876221,8.254127,0.012491,76.012277,0.079043,0.698344,43068,8,omp,dct,gaussian,shared,int8,gray,
kodak,kodim18,kodim18.png,512,768,1,imcs,imcs,imcs_omp_dct_shared_int8_b8,IMCS OMP DCT shared int8,0,compression_ratio,0.16,1.251221,8.783513,0.100083,67.8171,0.085659,0.688844,61500,8,omp,dct,gaussian,shared,int8,gray,
kodak,kodim19,kodim19.png,512,768,1,jpeg,baseline,jpeg,JPEG,0,quality,50.0,0.798421,33.170055,0.906784,3.870646,0.000729,0.000614,39244,,,,,,,,
kodak,kodim19,kodim19.png,512,768,1,jpeg,baseline,jpeg,JPEG,0,quality,70.0,1.095561,34.974006,0.931982,3.184728,0.000751,0.000713,53849,,,,,,,,
kodak,kodim19,kodim19.png,512,768,1,imcs,imcs,imcs_omp_dct_shared_float64_b8,IMCS OMP DCT shared float64,0,compression_ratio,0.08,5.001221,5.328286,0.001106,117.043744,0.074721,0.700011,245820,8,omp,dct,gaussian,shared,float64,gray,
kodak,kodim19,kodim19.png,512,768,1,imcs,imcs,imcs_omp_dct_shared_float64_b8,IMCS OMP DCT shared float64,0,compression_ratio,0.12,7.001221,4.508209,0.001486,121.085023,0.080855,0.70158,344124,8,omp,dct,gaussian,shared,float64,gray,
kodak,kodim19,kodim19.png,512,768,1,imcs,imcs,imcs_omp_dct_shared_float64_b8,IMCS OMP DCT shared float64,0,compression_ratio,0.16,10.001221,4.777648,0.042185,114.002462,0.086285,0.762132,491580,8,omp,dct,gaussian,shared,float64,gray,
kodak,kodim19,kodim19.png,512,768,1,imcs,imcs,imcs_omp_dct_shared_int16_b8,IMCS OMP DCT shared int16,0,compression_ratio,0.08,1.251221,5.328286,0.001106,117.043746,0.074451,0.633811,61500,8,omp,dct,gaussian,shared,int16,gray,
kodak,kodim19,kodim19.png,512,768,1,imcs,imcs,imcs_omp_dct_shared_int16_b8,IMCS OMP DCT shared int16,0,compression_ratio,0.12,1.751221,4.508035,0.001486,121.086021,0.079939,0.710974,86076,8,omp,dct,gaussian,shared,int16,gray,
kodak,kodim19,kodim19.png,512,768,1,imcs,imcs,imcs_omp_dct_shared_int16_b8,IMCS OMP DCT shared int16,0,compression_ratio,0.16,2.501221,4.778375,0.042305,113.987997,0.086718,0.685243,122940,8,omp,dct,gaussian,shared,int16,gray,
kodak,kodim19,kodim19.png,512,768,1,imcs,imcs,imcs_omp_dct_shared_int8_b8,IMCS OMP DCT shared int8,0,compression_ratio,0.08,0.626221,5.328499,0.001111,117.04227,0.074438,0.636039,30780,8,omp,dct,gaussian,shared,int8,gray,
kodak,kodim19,kodim19.png,512,768,1,imcs,imcs,imcs_omp_dct_shared_int8_b8,IMCS OMP DCT shared int8,0,compression_ratio,0.12,0.876221,4.510088,0.001487,121.072127,0.078911,0.655813,43068,8,omp,dct,gaussian,shared,int8,gray,
kodak,kodim19,kodim19.png,512,768,1,imcs,imcs,imcs_omp_dct_shared_int8_b8,IMCS OMP DCT shared int8,0,compression_ratio,0.16,1.251221,4.769018,0.040697,114.131783,0.08658,0.680228,61500,8,omp,dct,gaussian,shared,int8,gray,
kodak,kodim20,kodim20.png,768,512,1,jpeg,baseline,jpeg,JPEG,0,quality,50.0,0.553019,34.782781,0.93587,2.640849,0.000609,0.000451,27182,,,,,,,,
kodak,kodim20,kodim20.png,768,512,1,jpeg,baseline,jpeg,JPEG,0,quality,70.0,0.748901,36.655477,0.952539,2.150688,0.000658,0.00054,36810,,,,,,,,
kodak,kodim20,kodim20.png,768,512,1,imcs,imcs,imcs_omp_dct_shared_float64_b8,IMCS OMP DCT shared float64,0,compression_ratio,0.08,5.001221,1.525777,0.005441,176.62858,0.073529,0.631756,245820,8,omp,dct,gaussian,shared,float64,gray,
kodak,kodim20,kodim20.png,768,512,1,imcs,imcs,imcs_omp_dct_shared_float64_b8,IMCS OMP DCT shared float64,0,compression_ratio,0.12,7.001221,0.337714,0.006076,185.053245,0.07898,0.643968,344124,8,omp,dct,gaussian,shared,float64,gray,
kodak,kodim20,kodim20.png,768,512,1,imcs,imcs,imcs_omp_dct_shared_float64_b8,IMCS OMP DCT shared float64,0,compression_ratio,0.16,10.001221,0.667882,0.03139,180.050823,0.086015,0.684056,491580,8,omp,dct,gaussian,shared,float64,gray,
kodak,kodim20,kodim20.png,768,512,1,imcs,imcs,imcs_omp_dct_shared_int16_b8,IMCS OMP DCT shared int16,0,compression_ratio,0.08,1.251221,1.525767,0.005439,176.6292,0.07489,0.638467,61500,8,omp,dct,gaussian,shared,int16,gray,
kodak,kodim20,kodim20.png,768,512,1,imcs,imcs,imcs_omp_dct_shared_int16_b8,IMCS OMP DCT shared int16,0,compression_ratio,0.12,1.751221,0.337713,0.006076,185.053367,0.081204,0.650674,86076,8,omp,dct,gaussian,shared,int16,gray,
kodak,kodim20,kodim20.png,768,512,1,imcs,imcs,imcs_omp_dct_shared_int16_b8,IMCS OMP DCT shared int16,0,compression_ratio,0.16,2.501221,0.667875,0.031389,180.051969,0.086033,0.693248,122940,8,omp,dct,gaussian,shared,int16,gray,
kodak,kodim20,kodim20.png,768,512,1,imcs,imcs,imcs_omp_dct_shared_int8_b8,IMCS OMP DCT shared int8,0,compression_ratio,0.08,0.626221,1.525444,0.005462,176.629943,0.075888,0.656452,30780,8,omp,dct,gaussian,shared,int8,gray,
kodak,kodim20,kodim20.png,768,512,1,imcs,imcs,imcs_omp_dct_shared_int8_b8,IMCS OMP DCT shared int8,0,compression_ratio,0.12,0.876221,0.350458,0.006082,184.717302,0.079875,0.672804,43068,8,omp,dct,gaussian,shared,int8,gray,
kodak,kodim20,kodim20.png,768,512,1,imcs,imcs,imcs_omp_dct_shared_int8_b8,IMCS OMP DCT shared int8,0,compression_ratio,0.16,1.251221,0.66108,0.029918,180.298085,0.088192,0.709744,61500,8,omp,dct,gaussian,shared,int8,gray,
kodak,kodim21,kodim21.png,768,512,1,jpeg,baseline,jpeg,JPEG,0,quality,50.0,0.798401,32.256409,0.920578,4.059853,0.00067,0.000568,39243,,,,,,,,
kodak,kodim21,kodim21.png,768,512,1,jpeg,baseline,jpeg,JPEG,0,quality,70.0,1.098348,34.180861,0.940498,3.344727,0.000743,0.000702,53986,,,,,,,,
kodak,kodim21,kodim21.png,768,512,1,imcs,imcs,imcs_omp_dct_shared_float64_b8,IMCS OMP DCT shared float64,0,compression_ratio,0.08,5.001221,5.45323,0.001106,117.357505,0.074543,0.883068,245820,8,omp,dct,gaussian,shared,float64,gray,
kodak,kodim21,kodim21.png,768,512,1,imcs,imcs,imcs_omp_dct_shared_float64_b8,IMCS OMP DCT shared float64,0,compression_ratio,0.12,7.001221,4.56744,0.001448,121.730618,0.098119,1.235578,344124,8,omp,dct,gaussian,shared,float64,gray,
kodak,kodim21,kodim21.png,768,512,1,imcs,imcs,imcs_omp_dct_shared_float64_b8,IMCS OMP DCT shared float64,0,compression_ratio,0.16,10.001221,4.723984,0.033772,117.631151,0.10002,1.298336,491580,8,omp,dct,gaussian,shared,float64,gray,
kodak,kodim21,kodim21.png,768,512,1,imcs,imcs,imcs_omp_dct_shared_int16_b8,IMCS OMP DCT shared int16,0,compression_ratio,0.08,1.251221,5.45323,0.001106,117.357504,0.148363,1.29038,61500,8,omp,dct,gaussian,shared,int16,gray,
kodak,kodim21,kodim21.png,768,512,1,imcs,imcs,imcs_omp_dct_shared_int16_b8,IMCS OMP DCT shared int16,0,compression_ratio,0.12,1.751221,4.567452,0.001448,121.730003,0.16672,1.174786,86076,8,omp,dct,gaussian,shared,int16,gray,
kodak,kodim21,kodim21.png,768,512,1,imcs,imcs,imcs_omp_dct_shared_int16_b8,IMCS OMP DCT shared int16,0,compression_ratio,0.16,2.501221,4.724035,0.03376,117.631724,0.159184,1.357534,122940,8,omp,dct,gaussian,shared,int16,gray,
kodak,kodim21,kodim21.png,768,512,1,imcs,imcs,imcs_omp_dct_shared_int8_b8,IMCS OMP DCT shared int8,0,compression_ratio,0.08,0.626221,5.45321,0.001098,117.361794,0.07779,0.843533,30780,8,omp,dct,gaussian,shared,int8,gray,
kodak,kodim21,kodim21.png,768,512,1,imcs,imcs,imcs_omp_dct_shared_int8_b8,IMCS OMP DCT shared int8,0,compression_ratio,0.12,0.876221,4.57457,0.001436,121.682617,0.079899,0.662147,43068,8,omp,dct,gaussian,shared,int8,gray,
kodak,kodim21,kodim21.png,768,512,1,imcs,imcs,imcs_omp_dct_shared_int8_b8,IMCS OMP DCT shared int8,0,compression_ratio,0.16,1.251221,4.720655,0.034146,117.642995,0.087359,0.700586,61500,8,omp,dct,gaussian,shared,int8,gray,
kodak,kodim22,kodim22.png,768,512,1,jpeg,baseline,jpeg,JPEG,0,quality,50.0,0.802307,33.229525,0.89873,3.880063,0.0008,0.000697,39435,,,,,,,,
kodak,kodim22,kodim22.png,768,512,1,jpeg,baseline,jpeg,JPEG,0,quality,70.0,1.117981,34.986057,0.927764,3.20387,0.000753,0.000749,54951,,,,,,,,
kodak,kodim22,kodim22.png,768,512,1,imcs,imcs,imcs_omp_dct_shared_float64_b8,IMCS OMP DCT shared float64,0,compression_ratio,0.08,5.001221,5.715547,0.000773,113.540874,0.075086,0.764311,245820,8,omp,dct,gaussian,shared,float64,gray,
kodak,kodim22,kodim22.png,768,512,1,imcs,imcs,imcs_omp_dct_shared_float64_b8,IMCS OMP DCT shared float64,0,compression_ratio,0.12,7.001221,4.842759,0.0011,117.345246,0.08045,0.677172,344124,8,omp,dct,gaussian,shared,float64,gray,
kodak,kodim22,kodim22.png,768,512,1,imcs,imcs,imcs_omp_dct_shared_float64_b8,IMCS OMP DCT shared float64,0,compression_ratio,0.16,10.001221,5.107493,0.040057,109.864698,0.087593,0.755747,491580,8,omp,dct,gaussian,shared,float64,gray,
kodak,kodim22,kodim22.png,768,512,1,imcs,imcs,imcs_omp_dct_shared_int16_b8,IMCS OMP DCT shared int16,0,compression_ratio,0.08,1.251221,5.715545,0.000773,113.540879,0.07531,0.719221,61500,8,omp,dct,gaussian,shared,int16,gray,
kodak,kodim22,kodim22.png,768,512,1,imcs,imcs,imcs_omp_dct_shared_int16_b8,IMCS OMP DCT shared int16,0,compression_ratio,0.12,1.751221,4.842658,0.001101,117.34465,0.080748,0.697074,86076,8,omp,dct,gaussian,shared,int16,gray,
kodak,kodim22,kodim22.png,768,512,1,imcs,imcs,imcs_omp_dct_shared_int16_b8,IMCS OMP DCT shared int16,0,compression_ratio,0.16,2.501221,5.107536,0.040056,109.864678,0.087223,0.746592,122940,8,omp,dct,gaussian,shared,int16,gray,
kodak,kodim22,kodim22.png,768,512,1,imcs,imcs,imcs_omp_dct_shared_int8_b8,IMCS OMP DCT shared int8,0,compression_ratio,0.08,0.626221,5.715618,0.000773,113.538465,0.075512,0.667434,30780,8,omp,dct,gaussian,shared,int8,gray,
kodak,kodim22,kodim22.png,768,512,1,imcs,imcs,imcs_omp_dct_shared_int8_b8,IMCS OMP DCT shared int8,0,compression_ratio,0.12,0.876221,4.84757,0.001101,117.311954,0.080025,0.689848,43068,8,omp,dct,gaussian,shared,int8,gray,
kodak,kodim22,kodim22.png,768,512,1,imcs,imcs,imcs_omp_dct_shared_int8_b8,IMCS OMP DCT shared int8,0,compression_ratio,0.16,1.251221,5.107298,0.041297,109.68071,0.087285,0.718642,61500,8,omp,dct,gaussian,shared,int8,gray,
kodak,kodim23,kodim23.png,768,512,1,jpeg,baseline,jpeg,JPEG,0,quality,50.0,0.469421,37.767954,0.944326,2.163399,0.000663,0.000452,23073,,,,,,,,
kodak,kodim23,kodim23.png,768,512,1,jpeg,baseline,jpeg,JPEG,0,quality,70.0,0.642069,39.491498,0.95721,1.816686,0.000673,0.000517,31559,,,,,,,,
kodak,kodim23,kodim23.png,768,512,1,imcs,imcs,imcs_omp_dct_shared_float64_b8,IMCS OMP DCT shared float64,0,compression_ratio,0.08,5.001221,5.828569,0.00163,110.121964,0.074307,0.679196,245820,8,omp,dct,gaussian,shared,float64,gray,
kodak,kodim23,kodim23.png,768,512,1,imcs,imcs,imcs_omp_dct_shared_float64_b8,IMCS OMP DCT shared float64,0,compression_ratio,0.12,7.001221,4.879053,0.001527,114.012714,0.080014,0.675016,344124,8,omp,dct,gaussian,shared,float64,gray,
kodak,kodim23,kodim23.png,768,512,1,imcs,imcs,imcs_omp_dct_shared_float64_b8,IMCS OMP DCT shared float64,0,compression_ratio,0.16,10.001221,4.97048,0.016274,111.978543,0.087988,0.669977,491580,8,omp,dct,gaussian,shared,float64,gray,
kodak,kodim23,kodim23.png,768,512,1,imcs,imcs,imcs_omp_dct_shared_int16_b8,IMCS OMP DCT shared int16,0,compression_ratio,0.08,1.251221,5.828569,0.00163,110.121962,0.074911,0.633103,61500,8,omp,dct,gaussian,shared,int16,gray,
kodak,kodim23,kodim23.png,768,512,1,imcs,imcs,imcs_omp_dct_shared_int16_b8,IMCS OMP DCT shared int16,0,compression_ratio,0.12,1.751221,4.879163,0.001527,114.01193,0.079157,0.651953,86076,8,omp,dct,gaussian,shared,int16,gray,
kodak,kodim23,kodim23.png,768,512,1,imcs,imcs,imcs_omp_dct_shared_int16_b8,IMCS OMP DCT shared int16,0,compression_ratio,0.16,2.501221,4.970508,0.016273,111.978602,0.086993,0.70092,122940,8,omp,dct,gaussian,shared,int16,gray,
kodak,kodim23,kodim23.png,768,512,1,imcs,imcs,imcs_omp_dct_shared_int8_b8,IMCS OMP DCT shared int8,0,compression_ratio,0.08,0.626221,5.828141,0.001605,110.120563,0.074792,0.63827,30780,8,omp,dct,gaussian,shared,int8,gray,
kodak,kodim23,kodim23.png,768,512,1,imcs,imcs,imcs_omp_dct_shared_int8_b8,IMCS OMP DCT shared int8,0,compression_ratio,0.12,0.876221,4.890148,0.001551,113.93507,0.080925,0.632847,43068,8,omp,dct,gaussian,shared,int8,gray,
kodak,kodim23,kodim23.png,768,512,1,imcs,imcs,imcs_omp_dct_shared_int8_b8,IMCS OMP DCT shared int8,0,compression_ratio,0.16,1.251221,4.966714,0.016197,111.969586,0.086491,0.672427,61500,8,omp,dct,gaussian,shared,int8,gray,
kodak,kodim24,kodim24.png,768,512,1,jpeg,baseline,jpeg,JPEG,0,quality,50.0,1.014058,31.33291,0.911985,4.547712,0.000729,0.000693,49843,,,,,,,,
kodak,kodim24,kodim24.png,768,512,1,jpeg,baseline,jpeg,JPEG,0,quality,70.0,1.375997,33.598116,0.939003,3.59904,0.000783,0.000832,67633,,,,,,,,
kodak,kodim24,kodim24.png,768,512,1,imcs,imcs,imcs_omp_dct_shared_float64_b8,IMCS OMP DCT shared float64,0,compression_ratio,0.08,5.001221,5.525754,0.002101,110.570304,0.073594,0.705786,245820,8,omp,dct,gaussian,shared,float64,gray,
kodak,kodim24,kodim24.png,768,512,1,imcs,imcs,imcs_omp_dct_shared_float64_b8,IMCS OMP DCT shared float64,0,compression_ratio,0.12,7.001221,4.721123,0.003698,114.332077,0.081408,0.68191,344124,8,omp,dct,gaussian,shared,float64,gray,
kodak,kodim24,kodim24.png,768,512,1,imcs,imcs,imcs_omp_dct_shared_float64_b8,IMCS OMP DCT shared float64,0,compression_ratio,0.16,10.001221,5.138421,0.057558,104.502863,0.086459,0.697149,491580,8,omp,dct,gaussian,shared,float64,gray,
kodak,kodim24,kodim24.png,768,512,1,imcs,imcs,imcs_omp_dct_shared_int16_b8,IMCS OMP DCT shared int16,0,compression_ratio,0.08,1.251221,5.525754,0.002101,110.570301,0.075668,0.664652,61500,8,omp,dct,gaussian,shared,int16,gray,
kodak,kodim24,kodim24.png,768,512,1,imcs,imcs,imcs_omp_dct_shared_int16_b8,IMCS OMP DCT shared int16,0,compression_ratio,0.12,1.751221,4.720871,0.003697,114.334012,0.082199,0.658692,86076,8,omp,dct,gaussian,shared,int16,gray,
kodak,kodim24,kodim24.png,768,512,1,imcs,imcs,imcs_omp_dct_shared_int16_b8,IMCS OMP DCT shared int16,0,compression_ratio,0.16,2.501221,5.138376,0.057563,104.502952,0.089324,0.944559,122940,8,omp,dct,gaussian,shared,int16,gray,
kodak,kodim24,kodim24.png,768,512,1,imcs,imcs,imcs_omp_dct_shared_int8_b8,IMCS OMP DCT shared int8,0,compression_ratio,0.08,0.626221,5.525954,0.002112,110.569421,0.082933,1.216221,30780,8,omp,dct,gaussian,shared,int8,gray,
kodak,kodim24,kodim24.png,768,512,1,imcs,imcs,imcs_omp_dct_shared_int8_b8,IMCS OMP DCT shared int8,0,compression_ratio,0.12,0.876221,4.718995,0.003692,114.349177,0.156531,1.109254,43068,8,omp,dct,gaussian,shared,int8,gray,
kodak,kodim24,kodim24.png,768,512,1,imcs,imcs,imcs_omp_dct_shared_int8_b8,IMCS OMP DCT shared int8,0,compression_ratio,0.16,1.251221,5.147545,0.061704,104.331421,0.171494,1.232184,61500,8,omp,dct,gaussian,shared,int8,gray,
