dataset,case_key,input_file,width,height,channels,method,method_family,variant_id,variant_label,repeat_index,param_name,param_value,bpp,psnr_db,ssim,mae,encode_time_s,decode_time_s,compressed_size_bytes,imcs_block_size,imcs_algorithm,imcs_basis,imcs_matrix_type,imcs_measurement_mode,imcs_measurement_dtype,imcs_block_mean_residual,imcs_low_frequency_coeffs,imcs_color_mode,imcs_chroma_ratio_scale
kodak,kodim01,kodim01.png,768,512,1,jpeg,baseline,jpeg,JPEG,0,quality,50.0,1.182251,30.334317,0.895465,5.726089,0.000832,0.000839,58110,,,,,,,,,,
kodak,kodim01,kodim01.png,768,512,1,jpeg,baseline,jpeg,JPEG,0,quality,70.0,1.610921,32.27586,0.929927,4.594055,0.000874,0.000977,79180,,,,,,,,,,
kodak,kodim01,kodim01.png,768,512,1,imcs,imcs,imcs_omp_dct_shared_mean_lf4_float64_b8,IMCS OMP DCT shared + mean + LF4 float64,0,compression_ratio,0.08,5.626383,21.453981,0.582957,14.638207,0.317395,1.224241,276548,8,omp,dct,gaussian,shared,float64,True,4,gray,
kodak,kodim01,kodim01.png,768,512,1,imcs,imcs,imcs_omp_dct_shared_mean_lf4_float64_b8,IMCS OMP DCT shared + mean + LF4 float64,0,compression_ratio,0.12,7.626383,21.2171,0.59282,15.054198,0.266814,1.373723,374852,8,omp,dct,gaussian,shared,float64,True,4,gray,
kodak,kodim01,kodim01.png,768,512,1,imcs,imcs,imcs_omp_dct_shared_mean_lf4_float64_b8,IMCS OMP DCT shared + mean + LF4 float64,0,compression_ratio,0.16,10.626383,21.034893,0.589418,15.379203,0.378643,1.517537,522308,8,omp,dct,gaussian,shared,float64,True,4,gray,
kodak,kodim01,kodim01.png,768,512,1,imcs,imcs,imcs_omp_dct_shared_mean_lf4_int16_b8,IMCS OMP DCT shared + mean + LF4 int16,0,compression_ratio,0.08,1.876383,21.453978,0.582958,14.638237,0.322801,0.883677,92228,8,omp,dct,gaussian,shared,int16,True,4,gray,
kodak,kodim01,kodim01.png,768,512,1,imcs,imcs,imcs_omp_dct_shared_mean_lf4_int16_b8,IMCS OMP DCT shared + mean + LF4 int16,0,compression_ratio,0.12,2.376383,21.217068,0.592815,15.054199,0.199605,0.650926,116804,8,omp,dct,gaussian,shared,int16,True,4,gray,
kodak,kodim01,kodim01.png,768,512,1,imcs,imcs,imcs_omp_dct_shared_mean_lf4_int16_b8,IMCS OMP DCT shared + mean + LF4 int16,0,compression_ratio,0.16,3.126383,21.03504,0.58945,15.378525,0.205215,0.683652,153668,8,omp,dct,gaussian,shared,int16,True,4,gray,
kodak,kodim01,kodim01.png,768,512,1,imcs,imcs,imcs_omp_dct_shared_mean_lf4_int8_b8,IMCS OMP DCT shared + mean + LF4 int8,0,compression_ratio,0.08,1.251383,21.453828,0.583027,14.642653,0.193793,0.634942,61508,8,omp,dct,gaussian,shared,int8,True,4,gray,
kodak,kodim01,kodim01.png,768,512,1,imcs,imcs,imcs_omp_dct_shared_mean_lf4_int8_b8,IMCS OMP DCT shared + mean + LF4 int8,0,compression_ratio,0.12,1.501383,21.218806,0.593095,15.050268,0.200805,0.64238,73796,8,omp,dct,gaussian,shared,int8,True,4,gray,
kodak,kodim01,kodim01.png,768,512,1,imcs,imcs,imcs_omp_dct_shared_mean_lf4_int8_b8,IMCS OMP DCT shared + mean + LF4 int8,0,compression_ratio,0.16,1.876383,21.04453,0.589906,15.364614,0.20711,0.672573,92228,8,omp,dct,gaussian,shared,int8,True,4,gray,
kodak,kodim02,kodim02.png,768,512,1,jpeg,baseline,jpeg,JPEG,0,quality,50.0,0.590149,34.781217,0.889276,3.199979,0.000669,0.000505,29007,,,,,,,,,,
kodak,kodim02,kodim02.png,768,512,1,jpeg,baseline,jpeg,JPEG,0,quality,70.0,0.864319,36.45913,0.91905,2.677305,0.000712,0.000633,42483,,,,,,,,,,
kodak,kodim02,kodim02.png,768,512,1,imcs,imcs,imcs_omp_dct_shared_mean_lf4_float64_b8,IMCS OMP DCT shared + mean + LF4 float64,0,compression_ratio,0.08,5.626383,28.575072,0.802462,5.529729,0.201112,0.665977,276548,8,omp,dct,gaussian,shared,float64,True,4,gray,
kodak,kodim02,kodim02.png,768,512,1,imcs,imcs,imcs_omp_dct_shared_mean_lf4_float64_b8,IMCS OMP DCT shared + mean + LF4 float64,0,compression_ratio,0.12,7.626383,28.382904,0.806449,5.707343,0.199386,0.651507,374852,8,omp,dct,gaussian,shared,float64,True,4,gray,
kodak,kodim02,kodim02.png,768,512,1,imcs,imcs,imcs_omp_dct_shared_mean_lf4_float64_b8,IMCS OMP DCT shared + mean + LF4 float64,0,compression_ratio,0.16,10.626383,28.220691,0.838371,5.846786,0.206884,0.686533,522308,8,omp,dct,gaussian,shared,float64,True,4,gray,
kodak,kodim02,kodim02.png,768,512,1,imcs,imcs,imcs_omp_dct_shared_mean_lf4_int16_b8,IMCS OMP DCT shared + mean + LF4 int16,0,compression_ratio,0.08,1.876383,28.575116,0.802464,5.529745,0.196728,0.63759,92228,8,omp,dct,gaussian,shared,int16,True,4,gray,
kodak,kodim02,kodim02.png,768,512,1,imcs,imcs,imcs_omp_dct_shared_mean_lf4_int16_b8,IMCS OMP DCT shared + mean + LF4 int16,0,compression_ratio,0.12,2.376383,28.382735,0.806448,5.707318,0.198794,0.652133,116804,8,omp,dct,gaussian,shared,int16,True,4,gray,
kodak,kodim02,kodim02.png,768,512,1,imcs,imcs,imcs_omp_dct_shared_mean_lf4_int16_b8,IMCS OMP DCT shared + mean + LF4 int16,0,compression_ratio,0.16,3.126383,28.220866,0.838367,5.846738,0.209712,0.689173,153668,8,omp,dct,gaussian,shared,int16,True,4,gray,
kodak,kodim02,kodim02.png,768,512,1,imcs,imcs,imcs_omp_dct_shared_mean_lf4_int8_b8,IMCS OMP DCT shared + mean + LF4 int8,0,compression_ratio,0.08,1.251383,28.569321,0.802365,5.535557,0.197806,0.637369,61508,8,omp,dct,gaussian,shared,int8,True,4,gray,
kodak,kodim02,kodim02.png,768,512,1,imcs,imcs,imcs_omp_dct_shared_mean_lf4_int8_b8,IMCS OMP DCT shared + mean + LF4 int8,0,compression_ratio,0.12,1.501383,28.374369,0.806187,5.714604,0.201924,0.665669,73796,8,omp,dct,gaussian,shared,int8,True,4,gray,
kodak,kodim02,kodim02.png,768,512,1,imcs,imcs,imcs_omp_dct_shared_mean_lf4_int8_b8,IMCS OMP DCT shared + mean + LF4 int8,0,compression_ratio,0.16,1.876383,28.20996,0.838437,5.85548,0.212383,0.797494,92228,8,omp,dct,gaussian,shared,int8,True,4,gray,
kodak,kodim03,kodim03.png,768,512,1,jpeg,baseline,jpeg,JPEG,0,quality,50.0,0.537252,36.185909,0.935165,2.499217,0.000681,0.0005,26407,,,,,,,,,,
kodak,kodim03,kodim03.png,768,512,1,jpeg,baseline,jpeg,JPEG,0,quality,70.0,0.744812,38.096398,0.954876,2.023435,0.000687,0.000562,36609,,,,,,,,,,
kodak,kodim03,kodim03.png,768,512,1,imcs,imcs,imcs_omp_dct_shared_mean_lf4_float64_b8,IMCS OMP DCT shared + mean + LF4 float64,0,compression_ratio,0.08,5.626383,28.910036,0.840576,4.735725,0.201182,0.883742,276548,8,omp,dct,gaussian,shared,float64,True,4,gray,
kodak,kodim03,kodim03.png,768,512,1,imcs,imcs,imcs_omp_dct_shared_mean_lf4_float64_b8,IMCS OMP DCT shared + mean + LF4 float64,0,compression_ratio,0.12,7.626383,28.638012,0.843212,4.896376,0.209831,0.783475,374852,8,omp,dct,gaussian,shared,float64,True,4,gray,
kodak,kodim03,kodim03.png,768,512,1,imcs,imcs,imcs_omp_dct_shared_mean_lf4_float64_b8,IMCS OMP DCT shared + mean + LF4 float64,0,compression_ratio,0.16,10.626383,28.469067,0.85593,4.964223,0.211371,0.790568,522308,8,omp,dct,gaussian,shared,float64,True,4,gray,
kodak,kodim03,kodim03.png,768,512,1,imcs,imcs,imcs_omp_dct_shared_mean_lf4_int16_b8,IMCS OMP DCT shared + mean + LF4 int16,0,compression_ratio,0.08,1.876383,28.91004,0.840577,4.735761,0.197212,0.67353,92228,8,omp,dct,gaussian,shared,int16,True,4,gray,
kodak,kodim03,kodim03.png,768,512,1,imcs,imcs,imcs_omp_dct_shared_mean_lf4_int16_b8,IMCS OMP DCT shared + mean + LF4 int16,0,compression_ratio,0.12,2.376383,28.637969,0.843206,4.896447,0.204238,0.686901,116804,8,omp,dct,gaussian,shared,int16,True,4,gray,
kodak,kodim03,kodim03.png,768,512,1,imcs,imcs,imcs_omp_dct_shared_mean_lf4_int16_b8,IMCS OMP DCT shared + mean + LF4 int16,0,compression_ratio,0.16,3.126383,28.469853,0.85596,4.963638,0.20764,0.706664,153668,8,omp,dct,gaussian,shared,int16,True,4,gray,
kodak,kodim03,kodim03.png,768,512,1,imcs,imcs,imcs_omp_dct_shared_mean_lf4_int8_b8,IMCS OMP DCT shared + mean + LF4 int8,0,compression_ratio,0.08,1.251383,28.916823,0.843665,4.737121,0.195727,0.907787,61508,8,omp,dct,gaussian,shared,int8,True,4,gray,
kodak,kodim03,kodim03.png,768,512,1,imcs,imcs,imcs_omp_dct_shared_mean_lf4_int8_b8,IMCS OMP DCT shared + mean + LF4 int8,0,compression_ratio,0.12,1.501383,28.639846,0.842719,4.905335,0.20512,0.909503,73796,8,omp,dct,gaussian,shared,int8,True,4,gray,
kodak,kodim03,kodim03.png,768,512,1,imcs,imcs,imcs_omp_dct_shared_mean_lf4_int8_b8,IMCS OMP DCT shared + mean + LF4 int8,0,compression_ratio,0.16,1.876383,28.452834,0.855374,4.98254,0.222371,1.05033,92228,8,omp,dct,gaussian,shared,int8,True,4,gray,
kodak,kodim04,kodim04.png,512,768,1,jpeg,baseline,jpeg,JPEG,0,quality,50.0,0.666748,34.975727,0.906664,3.178261,0.000697,0.000553,32772,,,,,,,,,,
kodak,kodim04,kodim04.png,512,768,1,jpeg,baseline,jpeg,JPEG,0,quality,70.0,0.935689,36.598515,0.931869,2.650983,0.000788,0.000752,45991,,,,,,,,,,
kodak,kodim04,kodim04.png,512,768,1,imcs,imcs,imcs_omp_dct_shared_mean_lf4_float64_b8,IMCS OMP DCT shared + mean + LF4 float64,0,compression_ratio,0.08,5.626383,27.433173,0.810865,6.184133,0.205155,0.910093,276548,8,omp,dct,gaussian,shared,float64,True,4,gray,
kodak,kodim04,kodim04.png,512,768,1,imcs,imcs,imcs_omp_dct_shared_mean_lf4_float64_b8,IMCS OMP DCT shared + mean + LF4 float64,0,compression_ratio,0.12,7.626383,27.266803,0.819864,6.376596,0.401557,1.062372,374852,8,omp,dct,gaussian,shared,float64,True,4,gray,
kodak,kodim04,kodim04.png,512,768,1,imcs,imcs,imcs_omp_dct_shared_mean_lf4_float64_b8,IMCS OMP DCT shared + mean + LF4 float64,0,compression_ratio,0.16,10.626383,27.102451,0.83331,6.518828,0.226304,1.26016,522308,8,omp,dct,gaussian,shared,float64,True,4,gray,
kodak,kodim04,kodim04.png,512,768,1,imcs,imcs,imcs_omp_dct_shared_mean_lf4_int16_b8,IMCS OMP DCT shared + mean + LF4 int16,0,compression_ratio,0.08,1.876383,27.433269,0.810874,6.183953,0.209897,0.78309,92228,8,omp,dct,gaussian,shared,int16,True,4,gray,
kodak,kodim04,kodim04.png,512,768,1,imcs,imcs,imcs_omp_dct_shared_mean_lf4_int16_b8,IMCS OMP DCT shared + mean + LF4 int16,0,compression_ratio,0.12,2.376383,27.266672,0.81985,6.376894,0.222103,0.978274,116804,8,omp,dct,gaussian,shared,int16,True,4,gray,
kodak,kodim04,kodim04.png,512,768,1,imcs,imcs,imcs_omp_dct_shared_mean_lf4_int16_b8,IMCS OMP DCT shared + mean + LF4 int16,0,compression_ratio,0.16,3.126383,27.10244,0.833308,6.51886,0.353589,0.872533,153668,8,omp,dct,gaussian,shared,int16,True,4,gray,
kodak,kodim04,kodim04.png,512,768,1,imcs,imcs,imcs_omp_dct_shared_mean_lf4_int8_b8,IMCS OMP DCT shared + mean + LF4 int8,0,compression_ratio,0.08,1.251383,27.425823,0.810377,6.190488,0.240994,0.775954,61508,8,omp,dct,gaussian,shared,int8,True,4,gray,
kodak,kodim04,kodim04.png,512,768,1,imcs,imcs,imcs_omp_dct_shared_mean_lf4_int8_b8,IMCS OMP DCT shared + mean + LF4 int8,0,compression_ratio,0.12,1.501383,27.25927,0.819341,6.390366,0.217768,0.967005,73796,8,omp,dct,gaussian,shared,int8,True,4,gray,
kodak,kodim04,kodim04.png,512,768,1,imcs,imcs,imcs_omp_dct_shared_mean_lf4_int8_b8,IMCS OMP DCT shared + mean + LF4 int8,0,compression_ratio,0.16,1.876383,27.111594,0.837648,6.51868,0.282825,0.869683,92228,8,omp,dct,gaussian,shared,int8,True,4,gray,
kodak,kodim05,kodim05.png,768,512,1,jpeg,baseline,jpeg,JPEG,0,quality,50.0,1.289693,30.703335,0.921456,5.346148,0.000816,0.000845,63391,,,,,,,,,,
kodak,kodim05,kodim05.png,768,512,1,jpeg,baseline,jpeg,JPEG,0,quality,70.0,1.716207,32.979282,0.949097,4.153567,0.000911,0.001231,84355,,,,,,,,,,
kodak,kodim05,kodim05.png,768,512,1,imcs,imcs,imcs_omp_dct_shared_mean_lf4_float64_b8,IMCS OMP DCT shared + mean + LF4 float64,0,compression_ratio,0.08,5.626383,20.945914,0.662689,14.887077,0.204529,1.135262,276548,8,omp,dct,gaussian,shared,float64,True,4,gray,
kodak,kodim05,kodim05.png,768,512,1,imcs,imcs,imcs_omp_dct_shared_mean_lf4_float64_b8,IMCS OMP DCT shared + mean + LF4 float64,0,compression_ratio,0.12,7.626383,20.629415,0.690879,15.442984,0.293085,0.95475,374852,8,omp,dct,gaussian,shared,float64,True,4,gray,
kodak,kodim05,kodim05.png,768,512,1,imcs,imcs,imcs_omp_dct_shared_mean_lf4_float64_b8,IMCS OMP DCT shared + mean + LF4 float64,0,compression_ratio,0.16,10.626383,20.465949,0.681937,15.749504,0.212333,0.752203,522308,8,omp,dct,gaussian,shared,float64,True,4,gray,
kodak,kodim05,kodim05.png,768,512,1,imcs,imcs,imcs_omp_dct_shared_mean_lf4_int16_b8,IMCS OMP DCT shared + mean + LF4 int16,0,compression_ratio,0.08,1.876383,20.94577,0.662681,14.887591,0.200485,0.674405,92228,8,omp,dct,gaussian,shared,int16,True,4,gray,
kodak,kodim05,kodim05.png,768,512,1,imcs,imcs,imcs_omp_dct_shared_mean_lf4_int16_b8,IMCS OMP DCT shared + mean + LF4 int16,0,compression_ratio,0.12,2.376383,20.629705,0.690891,15.44185,0.20678,0.694161,116804,8,omp,dct,gaussian,shared,int16,True,4,gray,
kodak,kodim05,kodim05.png,768,512,1,imcs,imcs,imcs_omp_dct_shared_mean_lf4_int16_b8,IMCS OMP DCT shared + mean + LF4 int16,0,compression_ratio,0.16,3.126383,20.465943,0.68195,15.749616,0.228266,0.770293,153668,8,omp,dct,gaussian,shared,int16,True,4,gray,
kodak,kodim05,kodim05.png,768,512,1,imcs,imcs,imcs_omp_dct_shared_mean_lf4_int8_b8,IMCS OMP DCT shared + mean + LF4 int8,0,compression_ratio,0.08,1.251383,20.944116,0.662537,14.892477,0.197792,0.65988,61508,8,omp,dct,gaussian,shared,int8,True,4,gray,
kodak,kodim05,kodim05.png,768,512,1,imcs,imcs,imcs_omp_dct_shared_mean_lf4_int8_b8,IMCS OMP DCT shared + mean + LF4 int8,0,compression_ratio,0.12,1.501383,20.633092,0.690936,15.434786,0.207079,0.74854,73796,8,omp,dct,gaussian,shared,int8,True,4,gray,
kodak,kodim05,kodim05.png,768,512,1,imcs,imcs,imcs_omp_dct_shared_mean_lf4_int8_b8,IMCS OMP DCT shared + mean + LF4 int8,0,compression_ratio,0.16,1.876383,20.463951,0.690054,15.752415,0.212866,0.73235,92228,8,omp,dct,gaussian,shared,int8,True,4,gray,
kodak,kodim06,kodim06.png,768,512,1,jpeg,baseline,jpeg,JPEG,0,quality,50.0,0.947388,31.839609,0.909535,4.483345,0.000708,0.000651,46566,,,,,,,,,,
kodak,kodim06,kodim06.png,768,512,1,jpeg,baseline,jpeg,JPEG,0,quality,70.0,1.287476,33.943243,0.938716,3.564901,0.000793,0.000805,63282,,,,,,,,,,
kodak,kodim06,kodim06.png,768,512,1,imcs,imcs,imcs_omp_dct_shared_mean_lf4_float64_b8,IMCS OMP DCT shared + mean + LF4 float64,0,compression_ratio,0.08,5.626383,23.611591,0.71709,10.31818,0.199546,0.727955,276548,8,omp,dct,gaussian,shared,float64,True,4,gray,
kodak,kodim06,kodim06.png,768,512,1,imcs,imcs,imcs_omp_dct_shared_mean_lf4_float64_b8,IMCS OMP DCT shared + mean + LF4 float64,0,compression_ratio,0.12,7.626383,23.238699,0.713339,10.7835,0.204897,0.700445,374852,8,omp,dct,gaussian,shared,float64,True,4,gray,
kodak,kodim06,kodim06.png,768,512,1,imcs,imcs,imcs_omp_dct_shared_mean_lf4_float64_b8,IMCS OMP DCT shared + mean + LF4 float64,0,compression_ratio,0.16,10.626383,23.089966,0.72318,10.967271,0.210991,0.728119,522308,8,omp,dct,gaussian,shared,float64,True,4,gray,
kodak,kodim06,kodim06.png,768,512,1,imcs,imcs,imcs_omp_dct_shared_mean_lf4_int16_b8,IMCS OMP DCT shared + mean + LF4 int16,0,compression_ratio,0.08,1.876383,23.611597,0.717084,10.31821,0.202025,0.672798,92228,8,omp,dct,gaussian,shared,int16,True,4,gray,
kodak,kodim06,kodim06.png,768,512,1,imcs,imcs,imcs_omp_dct_shared_mean_lf4_int16_b8,IMCS OMP DCT shared + mean + LF4 int16,0,compression_ratio,0.12,2.376383,23.239219,0.713367,10.78305,0.208043,0.751999,116804,8,omp,dct,gaussian,shared,int16,True,4,gray,
kodak,kodim06,kodim06.png,768,512,1,imcs,imcs,imcs_omp_dct_shared_mean_lf4_int16_b8,IMCS OMP DCT shared + mean + LF4 int16,0,compression_ratio,0.16,3.126383,23.090043,0.7232,10.966486,0.211341,0.722592,153668,8,omp,dct,gaussian,shared,int16,True,4,gray,
kodak,kodim06,kodim06.png,768,512,1,imcs,imcs,imcs_omp_dct_shared_mean_lf4_int8_b8,IMCS OMP DCT shared + mean + LF4 int8,0,compression_ratio,0.08,1.251383,23.615742,0.717312,10.312572,0.200156,0.669003,61508,8,omp,dct,gaussian,shared,int8,True,4,gray,
kodak,kodim06,kodim06.png,768,512,1,imcs,imcs,imcs_omp_dct_shared_mean_lf4_int8_b8,IMCS OMP DCT shared + mean + LF4 int8,0,compression_ratio,0.12,1.501383,23.24145,0.713431,10.781834,0.202762,0.68715,73796,8,omp,dct,gaussian,shared,int8,True,4,gray,
kodak,kodim06,kodim06.png,768,512,1,imcs,imcs,imcs_omp_dct_shared_mean_lf4_int8_b8,IMCS OMP DCT shared + mean + LF4 int8,0,compression_ratio,0.16,1.876383,23.100334,0.723264,10.956133,0.21409,0.714276,92228,8,omp,dct,gaussian,shared,int8,True,4,gray,
kodak,kodim07,kodim07.png,768,512,1,jpeg,baseline,jpeg,JPEG,0,quality,50.0,0.672302,35.777099,0.95054,2.626483,0.000666,0.000525,33045,,,,,,,,,,
kodak,kodim07,kodim07.png,768,512,1,jpeg,baseline,jpeg,JPEG,0,quality,70.0,0.89738,37.7523,0.964907,2.12028,0.000738,0.000626,44108,,,,,,,,,,
kodak,kodim07,kodim07.png,768,512,1,imcs,imcs,imcs_omp_dct_shared_mean_lf4_float64_b8,IMCS OMP DCT shared + mean + LF4 float64,0,compression_ratio,0.08,5.626383,27.041942,0.853968,6.090692,0.199351,0.757731,276548,8,omp,dct,gaussian,shared,float64,True,4,gray,
kodak,kodim07,kodim07.png,768,512,1,imcs,imcs,imcs_omp_dct_shared_mean_lf4_float64_b8,IMCS OMP DCT shared + mean + LF4 float64,0,compression_ratio,0.12,7.626383,26.663618,0.840492,6.361784,0.216401,0.698073,374852,8,omp,dct,gaussian,shared,float64,True,4,gray,
kodak,kodim07,kodim07.png,768,512,1,imcs,imcs,imcs_omp_dct_shared_mean_lf4_float64_b8,IMCS OMP DCT shared + mean + LF4 float64,0,compression_ratio,0.16,10.626383,26.601481,0.841686,6.436228,0.210163,0.696256,522308,8,omp,dct,gaussian,shared,float64,True,4,gray,
kodak,kodim07,kodim07.png,768,512,1,imcs,imcs,imcs_omp_dct_shared_mean_lf4_int16_b8,IMCS OMP DCT shared + mean + LF4 int16,0,compression_ratio,0.08,1.876383,27.041945,0.853968,6.090646,0.202048,0.656889,92228,8,omp,dct,gaussian,shared,int16,True,4,gray,
kodak,kodim07,kodim07.png,768,512,1,imcs,imcs,imcs_omp_dct_shared_mean_lf4_int16_b8,IMCS OMP DCT shared + mean + LF4 int16,0,compression_ratio,0.12,2.376383,26.663653,0.840498,6.36167,0.205389,0.640224,116804,8,omp,dct,gaussian,shared,int16,True,4,gray,
kodak,kodim07,kodim07.png,768,512,1,imcs,imcs,imcs_omp_dct_shared_mean_lf4_int16_b8,IMCS OMP DCT shared + mean + LF4 int16,0,compression_ratio,0.16,3.126383,26.601381,0.841679,6.43645,0.212374,0.68168,153668,8,omp,dct,gaussian,shared,int16,True,4,gray,
kodak,kodim07,kodim07.png,768,512,1,imcs,imcs,imcs_omp_dct_shared_mean_lf4_int8_b8,IMCS OMP DCT shared + mean + LF4 int8,0,compression_ratio,0.08,1.251383,27.04022,0.854079,6.095158,0.195994,0.632942,61508,8,omp,dct,gaussian,shared,int8,True,4,gray,
kodak,kodim07,kodim07.png,768,512,1,imcs,imcs,imcs_omp_dct_shared_mean_lf4_int8_b8,IMCS OMP DCT shared + mean + LF4 int8,0,compression_ratio,0.12,1.501383,26.658218,0.840267,6.371894,0.20297,0.728156,73796,8,omp,dct,gaussian,shared,int8,True,4,gray,
kodak,kodim07,kodim07.png,768,512,1,imcs,imcs,imcs_omp_dct_shared_mean_lf4_int8_b8,IMCS OMP DCT shared + mean + LF4 int8,0,compression_ratio,0.16,1.876383,26.60141,0.841572,6.443208,0.21366,0.685113,92228,8,omp,dct,gaussian,shared,int8,True,4,gray,
kodak,kodim08,kodim08.png,768,512,1,jpeg,baseline,jpeg,JPEG,0,quality,50.0,1.311646,30.241514,0.916515,5.680092,0.000798,0.00083,64470,,,,,,,,,,
kodak,kodim08,kodim08.png,768,512,1,jpeg,baseline,jpeg,JPEG,0,quality,70.0,1.753723,32.473207,0.942531,4.458951,0.000841,0.001162,86199,,,,,,,,,,
kodak,kodim08,kodim08.png,768,512,1,imcs,imcs,imcs_omp_dct_shared_mean_lf4_float64_b8,IMCS OMP DCT shared + mean + LF4 float64,0,compression_ratio,0.08,5.626383,18.512724,0.616953,19.448768,0.198306,0.635437,276548,8,omp,dct,gaussian,shared,float64,True,4,gray,
kodak,kodim08,kodim08.png,768,512,1,imcs,imcs,imcs_omp_dct_shared_mean_lf4_float64_b8,IMCS OMP DCT shared + mean + LF4 float64,0,compression_ratio,0.12,7.626383,18.41424,0.626904,19.738584,0.201212,0.647277,374852,8,omp,dct,gaussian,shared,float64,True,4,gray,
kodak,kodim08,kodim08.png,768,512,1,imcs,imcs,imcs_omp_dct_shared_mean_lf4_float64_b8,IMCS OMP DCT shared + mean + LF4 float64,0,compression_ratio,0.16,10.626383,18.326582,0.652493,19.928233,0.20651,0.695422,522308,8,omp,dct,gaussian,shared,float64,True,4,gray,
kodak,kodim08,kodim08.png,768,512,1,imcs,imcs,imcs_omp_dct_shared_mean_lf4_int16_b8,IMCS OMP DCT shared + mean + LF4 int16,0,compression_ratio,0.08,1.876383,18.512726,0.616954,19.448814,0.197103,0.64288,92228,8,omp,dct,gaussian,shared,int16,True,4,gray,
kodak,kodim08,kodim08.png,768,512,1,imcs,imcs,imcs_omp_dct_shared_mean_lf4_int16_b8,IMCS OMP DCT shared + mean + LF4 int16,0,compression_ratio,0.12,2.376383,18.4143,0.626901,19.7385,0.199985,0.67207,116804,8,omp,dct,gaussian,shared,int16,True,4,gray,
kodak,kodim08,kodim08.png,768,512,1,imcs,imcs,imcs_omp_dct_shared_mean_lf4_int16_b8,IMCS OMP DCT shared + mean + LF4 int16,0,compression_ratio,0.16,3.126383,18.326524,0.652486,19.929246,0.206311,0.680256,153668,8,omp,dct,gaussian,shared,int16,True,4,gray,
kodak,kodim08,kodim08.png,768,512,1,imcs,imcs,imcs_omp_dct_shared_mean_lf4_int8_b8,IMCS OMP DCT shared + mean + LF4 int8,0,compression_ratio,0.08,1.251383,18.511578,0.616464,19.447931,0.194082,0.651613,61508,8,omp,dct,gaussian,shared,int8,True,4,gray,
kodak,kodim08,kodim08.png,768,512,1,imcs,imcs,imcs_omp_dct_shared_mean_lf4_int8_b8,IMCS OMP DCT shared + mean + LF4 int8,0,compression_ratio,0.12,1.501383,18.415755,0.618599,19.754965,0.200486,0.650799,73796,8,omp,dct,gaussian,shared,int8,True,4,gray,
kodak,kodim08,kodim08.png,768,512,1,imcs,imcs,imcs_omp_dct_shared_mean_lf4_int8_b8,IMCS OMP DCT shared + mean + LF4 int8,0,compression_ratio,0.16,1.876383,18.330505,0.642561,19.923145,0.208007,0.672208,92228,8,omp,dct,gaussian,shared,int8,True,4,gray,
kodak,kodim09,kodim09.png,512,768,1,jpeg,baseline,jpeg,JPEG,0,quality,50.0,0.561584,35.765547,0.927706,2.80486,0.0007,0.000544,27603,,,,,,,,,,
kodak,kodim09,kodim09.png,512,768,1,jpeg,baseline,jpeg,JPEG,0,quality,70.0,0.777466,37.554462,0.942626,2.352554,0.000697,0.000573,38214,,,,,,,,,,
kodak,kodim09,kodim09.png,512,768,1,imcs,imcs,imcs_omp_dct_shared_mean_lf4_float64_b8,IMCS OMP DCT shared + mean + LF4 float64,0,compression_ratio,0.08,5.626383,25.430187,0.834972,6.560018,0.195375,0.626206,276548,8,omp,dct,gaussian,shared,float64,True,4,gray,
kodak,kodim09,kodim09.png,512,768,1,imcs,imcs,imcs_omp_dct_shared_mean_lf4_float64_b8,IMCS OMP DCT shared + mean + LF4 float64,0,compression_ratio,0.12,7.626383,25.424151,0.829015,6.70421,0.198126,0.644412,374852,8,omp,dct,gaussian,shared,float64,True,4,gray,
kodak,kodim09,kodim09.png,512,768,1,imcs,imcs,imcs_omp_dct_shared_mean_lf4_float64_b8,IMCS OMP DCT shared + mean + LF4 float64,0,compression_ratio,0.16,10.626383,25.236161,0.853032,6.836379,0.206956,0.74287,522308,8,omp,dct,gaussian,shared,float64,True,4,gray,
kodak,kodim09,kodim09.png,512,768,1,imcs,imcs,imcs_omp_dct_shared_mean_lf4_int16_b8,IMCS OMP DCT shared + mean + LF4 int16,0,compression_ratio,0.08,1.876383,25.430052,0.834963,6.560231,0.202242,0.808491,92228,8,omp,dct,gaussian,shared,int16,True,4,gray,
kodak,kodim09,kodim09.png,512,768,1,imcs,imcs,imcs_omp_dct_shared_mean_lf4_int16_b8,IMCS OMP DCT shared + mean + LF4 int16,0,compression_ratio,0.12,2.376383,25.423993,0.829003,6.704386,0.203127,0.933684,116804,8,omp,dct,gaussian,shared,int16,True,4,gray,
kodak,kodim09,kodim09.png,512,768,1,imcs,imcs,imcs_omp_dct_shared_mean_lf4_int16_b8,IMCS OMP DCT shared + mean + LF4 int16,0,compression_ratio,0.16,3.126383,25.236156,0.853033,6.836342,0.227407,0.738484,153668,8,omp,dct,gaussian,shared,int16,True,4,gray,
kodak,kodim09,kodim09.png,512,768,1,imcs,imcs,imcs_omp_dct_shared_mean_lf4_int8_b8,IMCS OMP DCT shared + mean + LF4 int8,0,compression_ratio,0.08,1.251383,25.429741,0.83455,6.570746,0.299473,0.695986,61508,8,omp,dct,gaussian,shared,int8,True,4,gray,
kodak,kodim09,kodim09.png,512,768,1,imcs,imcs,imcs_omp_dct_shared_mean_lf4_int8_b8,IMCS OMP DCT shared + mean + LF4 int8,0,compression_ratio,0.12,1.501383,25.420038,0.833751,6.714961,0.208494,0.724587,73796,8,omp,dct,gaussian,shared,int8,True,4,gray,
kodak,kodim09,kodim09.png,512,768,1,imcs,imcs,imcs_omp_dct_shared_mean_lf4_int8_b8,IMCS OMP DCT shared + mean + LF4 int8,0,compression_ratio,0.16,1.876383,25.233629,0.853197,6.845239,0.258361,0.78256,92228,8,omp,dct,gaussian,shared,int8,True,4,gray,
kodak,kodim10,kodim10.png,512,768,1,jpeg,baseline,jpeg,JPEG,0,quality,50.0,0.629761,35.48591,0.922054,2.931755,0.000873,0.000629,30954,,,,,,,,,,
kodak,kodim10,kodim10.png,512,768,1,jpeg,baseline,jpeg,JPEG,0,quality,70.0,0.870036,37.384377,0.941467,2.431643,0.000748,0.000706,42764,,,,,,,,,,
kodak,kodim10,kodim10.png,512,768,1,imcs,imcs,imcs_omp_dct_shared_mean_lf4_float64_b8,IMCS OMP DCT shared + mean + LF4 float64,0,compression_ratio,0.08,5.626383,25.738758,0.85437,6.575141,0.200747,0.733607,276548,8,omp,dct,gaussian,shared,float64,True,4,gray,
kodak,kodim10,kodim10.png,512,768,1,imcs,imcs,imcs_omp_dct_shared_mean_lf4_float64_b8,IMCS OMP DCT shared + mean + LF4 float64,0,compression_ratio,0.12,7.626383,25.838406,0.841927,6.684721,0.203973,0.736807,374852,8,omp,dct,gaussian,shared,float64,True,4,gray,
kodak,kodim10,kodim10.png,512,768,1,imcs,imcs,imcs_omp_dct_shared_mean_lf4_float64_b8,IMCS OMP DCT shared + mean + LF4 float64,0,compression_ratio,0.16,10.626383,25.710447,0.865184,6.788613,0.207384,0.697654,522308,8,omp,dct,gaussian,shared,float64,True,4,gray,
kodak,kodim10,kodim10.png,512,768,1,imcs,imcs,imcs_omp_dct_shared_mean_lf4_int16_b8,IMCS OMP DCT shared + mean + LF4 int16,0,compression_ratio,0.08,1.876383,25.73862,0.854364,6.575372,0.194958,0.637187,92228,8,omp,dct,gaussian,shared,int16,True,4,gray,
kodak,kodim10,kodim10.png,512,768,1,imcs,imcs,imcs_omp_dct_shared_mean_lf4_int16_b8,IMCS OMP DCT shared + mean + LF4 int16,0,compression_ratio,0.12,2.376383,25.838385,0.841923,6.684868,0.199725,0.64215,116804,8,omp,dct,gaussian,shared,int16,True,4,gray,
kodak,kodim10,kodim10.png,512,768,1,imcs,imcs,imcs_omp_dct_shared_mean_lf4_int16_b8,IMCS OMP DCT shared + mean + LF4 int16,0,compression_ratio,0.16,3.126383,25.710352,0.865175,6.788947,0.208527,0.680989,153668,8,omp,dct,gaussian,shared,int16,True,4,gray,
kodak,kodim10,kodim10.png,512,768,1,imcs,imcs,imcs_omp_dct_shared_mean_lf4_int8_b8,IMCS OMP DCT shared + mean + LF4 int8,0,compression_ratio,0.08,1.251383,25.741548,0.854539,6.579843,0.20117,0.625338,61508,8,omp,dct,gaussian,shared,int8,True,4,gray,
kodak,kodim10,kodim10.png,512,768,1,imcs,imcs,imcs_omp_dct_shared_mean_lf4_int8_b8,IMCS OMP DCT shared + mean + LF4 int8,0,compression_ratio,0.12,1.501383,25.828075,0.841393,6.701681,0.199517,0.646837,73796,8,omp,dct,gaussian,shared,int8,True,4,gray,
kodak,kodim10,kodim10.png,512,768,1,imcs,imcs,imcs_omp_dct_shared_mean_lf4_int8_b8,IMCS OMP DCT shared + mean + LF4 int8,0,compression_ratio,0.16,1.876383,25.700349,0.864895,6.804452,0.206785,0.682217,92228,8,omp,dct,gaussian,shared,int8,True,4,gray,
kodak,kodim11,kodim11.png,768,512,1,jpeg,baseline,jpeg,JPEG,0,quality,50.0,0.848531,32.608785,0.901736,4.056961,0.000773,0.000679,41707,,,,,,,,,,
kodak,kodim11,kodim11.png,768,512,1,jpeg,baseline,jpeg,JPEG,0,quality,70.0,1.164347,34.588941,0.931307,3.296244,0.000758,0.000745,57230,,,,,,,,,,
kodak,kodim11,kodim11.png,768,512,1,imcs,imcs,imcs_omp_dct_shared_mean_lf4_float64_b8,IMCS OMP DCT shared + mean + LF4 float64,0,compression_ratio,0.08,5.626383,24.345095,0.777857,8.962607,0.19398,0.635761,276548,8,omp,dct,gaussian,shared,float64,True,4,gray,
kodak,kodim11,kodim11.png,768,512,1,imcs,imcs,imcs_omp_dct_shared_mean_lf4_float64_b8,IMCS OMP DCT shared + mean + LF4 float64,0,compression_ratio,0.12,7.626383,24.10774,0.757091,9.281974,0.199903,0.647613,374852,8,omp,dct,gaussian,shared,float64,True,4,gray,
kodak,kodim11,kodim11.png,768,512,1,imcs,imcs,imcs_omp_dct_shared_mean_lf4_float64_b8,IMCS OMP DCT shared + mean + LF4 float64,0,compression_ratio,0.16,10.626383,23.950634,0.750059,9.426158,0.209022,0.680024,522308,8,omp,dct,gaussian,shared,float64,True,4,gray,
kodak,kodim11,kodim11.png,768,512,1,imcs,imcs,imcs_omp_dct_shared_mean_lf4_int16_b8,IMCS OMP DCT shared + mean + LF4 int16,0,compression_ratio,0.08,1.876383,24.345124,0.77786,8.9625,0.194218,0.631025,92228,8,omp,dct,gaussian,shared,int16,True,4,gray,
kodak,kodim11,kodim11.png,768,512,1,imcs,imcs,imcs_omp_dct_shared_mean_lf4_int16_b8,IMCS OMP DCT shared + mean + LF4 int16,0,compression_ratio,0.12,2.376383,24.107721,0.757086,9.282175,0.199257,0.71956,116804,8,omp,dct,gaussian,shared,int16,True,4,gray,
kodak,kodim11,kodim11.png,768,512,1,imcs,imcs,imcs_omp_dct_shared_mean_lf4_int16_b8,IMCS OMP DCT shared + mean + LF4 int16,0,compression_ratio,0.16,3.126383,23.950776,0.750049,9.426129,0.221121,0.776778,153668,8,omp,dct,gaussian,shared,int16,True,4,gray,
kodak,kodim11,kodim11.png,768,512,1,imcs,imcs,imcs_omp_dct_shared_mean_lf4_int8_b8,IMCS OMP DCT shared + mean + LF4 int8,0,compression_ratio,0.08,1.251383,24.344011,0.777469,8.964538,0.249902,1.023548,61508,8,omp,dct,gaussian,shared,int8,True,4,gray,
kodak,kodim11,kodim11.png,768,512,1,imcs,imcs,imcs_omp_dct_shared_mean_lf4_int8_b8,IMCS OMP DCT shared + mean + LF4 int8,0,compression_ratio,0.12,1.501383,24.09936,0.756452,9.294174,0.20437,0.68665,73796,8,omp,dct,gaussian,shared,int8,True,4,gray,
kodak,kodim11,kodim11.png,768,512,1,imcs,imcs,imcs_omp_dct_shared_mean_lf4_int8_b8,IMCS OMP DCT shared + mean + LF4 int8,0,compression_ratio,0.16,1.876383,23.955118,0.750072,9.428491,0.21069,0.710058,92228,8,omp,dct,gaussian,shared,int8,True,4,gray,
kodak,kodim12,kodim12.png,768,512,1,jpeg,baseline,jpeg,JPEG,0,quality,50.0,0.591288,35.819187,0.916126,2.829323,0.000687,0.000586,29063,,,,,,,,,,
kodak,kodim12,kodim12.png,768,512,1,jpeg,baseline,jpeg,JPEG,0,quality,70.0,0.832153,37.581072,0.939069,2.348801,0.000767,0.000632,40902,,,,,,,,,,
kodak,kodim12,kodim12.png,768,512,1,imcs,imcs,imcs_omp_dct_shared_mean_lf4_float64_b8,IMCS OMP DCT shared + mean + LF4 float64,0,compression_ratio,0.08,5.626383,27.698079,0.843326,5.578171,0.197426,0.663269,276548,8,omp,dct,gaussian,shared,float64,True,4,gray,
kodak,kodim12,kodim12.png,768,512,1,imcs,imcs,imcs_omp_dct_shared_mean_lf4_float64_b8,IMCS OMP DCT shared + mean + LF4 float64,0,compression_ratio,0.12,7.626383,27.469417,0.837457,5.81096,0.202868,0.672549,374852,8,omp,dct,gaussian,shared,float64,True,4,gray,
kodak,kodim12,kodim12.png,768,512,1,imcs,imcs,imcs_omp_dct_shared_mean_lf4_float64_b8,IMCS OMP DCT shared + mean + LF4 float64,0,compression_ratio,0.16,10.626383,27.351468,0.851186,5.899655,0.208651,0.69528,522308,8,omp,dct,gaussian,shared,float64,True,4,gray,
kodak,kodim12,kodim12.png,768,512,1,imcs,imcs,imcs_omp_dct_shared_mean_lf4_int16_b8,IMCS OMP DCT shared + mean + LF4 int16,0,compression_ratio,0.08,1.876383,27.698311,0.843337,5.577908,0.19798,0.654254,92228,8,omp,dct,gaussian,shared,int16,True,4,gray,
kodak,kodim12,kodim12.png,768,512,1,imcs,imcs,imcs_omp_dct_shared_mean_lf4_int16_b8,IMCS OMP DCT shared + mean + LF4 int16,0,compression_ratio,0.12,2.376383,27.468198,0.837415,5.81173,0.20146,0.670751,116804,8,omp,dct,gaussian,shared,int16,True,4,gray,
kodak,kodim12,kodim12.png,768,512,1,imcs,imcs,imcs_omp_dct_shared_mean_lf4_int16_b8,IMCS OMP DCT shared + mean + LF4 int16,0,compression_ratio,0.16,3.126383,27.351528,0.851189,5.899515,0.214777,0.745212,153668,8,omp,dct,gaussian,shared,int16,True,4,gray,
kodak,kodim12,kodim12.png,768,512,1,imcs,imcs,imcs_omp_dct_shared_mean_lf4_int8_b8,IMCS OMP DCT shared + mean + LF4 int8,0,compression_ratio,0.08,1.251383,27.701804,0.843067,5.58303,0.198895,0.686422,61508,8,omp,dct,gaussian,shared,int8,True,4,gray,
kodak,kodim12,kodim12.png,768,512,1,imcs,imcs,imcs_omp_dct_shared_mean_lf4_int8_b8,IMCS OMP DCT shared + mean + LF4 int8,0,compression_ratio,0.12,1.501383,27.478493,0.832009,5.811109,0.201474,0.694,73796,8,omp,dct,gaussian,shared,int8,True,4,gray,
kodak,kodim12,kodim12.png,768,512,1,imcs,imcs,imcs_omp_dct_shared_mean_lf4_int8_b8,IMCS OMP DCT shared + mean + LF4 int8,0,compression_ratio,0.16,1.876383,27.37203,0.851572,5.89811,0.210313,0.72712,92228,8,omp,dct,gaussian,shared,int8,True,4,gray,
kodak,kodim13,kodim13.png,768,512,1,jpeg,baseline,jpeg,JPEG,0,quality,50.0,1.455912,28.086507,0.8768,7.428294,0.00089,0.000955,71561,,,,,,,,,,
kodak,kodim13,kodim13.png,768,512,1,jpeg,baseline,jpeg,JPEG,0,quality,70.0,1.988342,30.348951,0.918546,5.841197,0.000891,0.00107,97731,,,,,,,,,,
kodak,kodim13,kodim13.png,768,512,1,imcs,imcs,imcs_omp_dct_shared_mean_lf4_float64_b8,IMCS OMP DCT shared + mean + LF4 float64,0,compression_ratio,0.08,5.626383,19.861387,0.588757,17.449164,0.198552,0.68425,276548,8,omp,dct,gaussian,shared,float64,True,4,gray,
kodak,kodim13,kodim13.png,768,512,1,imcs,imcs,imcs_omp_dct_shared_mean_lf4_float64_b8,IMCS OMP DCT shared + mean + LF4 float64,0,compression_ratio,0.12,7.626383,19.503946,0.60225,18.233617,0.203695,0.692991,374852,8,omp,dct,gaussian,shared,float64,True,4,gray,
kodak,kodim13,kodim13.png,768,512,1,imcs,imcs,imcs_omp_dct_shared_mean_lf4_float64_b8,IMCS OMP DCT shared + mean + LF4 float64,0,compression_ratio,0.16,10.626383,19.359041,0.611431,18.578566,0.212717,0.738253,522308,8,omp,dct,gaussian,shared,float64,True,4,gray,
kodak,kodim13,kodim13.png,768,512,1,imcs,imcs,imcs_omp_dct_shared_mean_lf4_int16_b8,IMCS OMP DCT shared + mean + LF4 int16,0,compression_ratio,0.08,1.876383,19.861385,0.588758,17.449166,0.199975,0.667739,92228,8,omp,dct,gaussian,shared,int16,True,4,gray,
kodak,kodim13,kodim13.png,768,512,1,imcs,imcs,imcs_omp_dct_shared_mean_lf4_int16_b8,IMCS OMP DCT shared + mean + LF4 int16,0,compression_ratio,0.12,2.376383,19.504106,0.60226,18.233263,0.203108,0.660678,116804,8,omp,dct,gaussian,shared,int16,True,4,gray,
kodak,kodim13,kodim13.png,768,512,1,imcs,imcs,imcs_omp_dct_shared_mean_lf4_int16_b8,IMCS OMP DCT shared + mean + LF4 int16,0,compression_ratio,0.16,3.126383,19.358973,0.611441,18.578519,0.211461,0.691592,153668,8,omp,dct,gaussian,shared,int16,True,4,gray,
kodak,kodim13,kodim13.png,768,512,1,imcs,imcs,imcs_omp_dct_shared_mean_lf4_int8_b8,IMCS OMP DCT shared + mean + LF4 int8,0,compression_ratio,0.08,1.251383,19.859813,0.588634,17.452165,0.198403,0.649863,61508,8,omp,dct,gaussian,shared,int8,True,4,gray,
kodak,kodim13,kodim13.png,768,512,1,imcs,imcs,imcs_omp_dct_shared_mean_lf4_int8_b8,IMCS OMP DCT shared + mean + LF4 int8,0,compression_ratio,0.12,1.501383,19.515775,0.602703,18.214477,0.202175,0.67536,73796,8,omp,dct,gaussian,shared,int8,True,4,gray,
kodak,kodim13,kodim13.png,768,512,1,imcs,imcs,imcs_omp_dct_shared_mean_lf4_int8_b8,IMCS OMP DCT shared + mean + LF4 int8,0,compression_ratio,0.16,1.876383,19.353907,0.611714,18.580206,0.208722,0.72899,92228,8,omp,dct,gaussian,shared,int8,True,4,gray,
kodak,kodim14,kodim14.png,768,512,1,jpeg,baseline,jpeg,JPEG,0,quality,50.0,1.039978,31.920503,0.896496,4.669418,0.000828,0.000765,51117,,,,,,,,,,
kodak,kodim14,kodim14.png,768,512,1,jpeg,baseline,jpeg,JPEG,0,quality,70.0,1.419332,33.813424,0.928104,3.796717,0.000823,0.000886,69763,,,,,,,,,,
kodak,kodim14,kodim14.png,768,512,1,imcs,imcs,imcs_omp_dct_shared_mean_lf4_float64_b8,IMCS OMP DCT shared + mean + LF4 float64,0,compression_ratio,0.08,5.626383,24.046394,0.725626,10.189877,0.211432,0.689149,276548,8,omp,dct,gaussian,shared,float64,True,4,gray,
kodak,kodim14,kodim14.png,768,512,1,imcs,imcs,imcs_omp_dct_shared_mean_lf4_float64_b8,IMCS OMP DCT shared + mean + LF4 float64,0,compression_ratio,0.12,7.626383,23.676298,0.712743,10.65395,0.205872,0.786069,374852,8,omp,dct,gaussian,shared,float64,True,4,gray,
kodak,kodim14,kodim14.png,768,512,1,imcs,imcs,imcs_omp_dct_shared_mean_lf4_float64_b8,IMCS OMP DCT shared + mean + LF4 float64,0,compression_ratio,0.16,10.626383,23.552772,0.752972,10.806589,0.215465,0.750756,522308,8,omp,dct,gaussian,shared,float64,True,4,gray,
kodak,kodim14,kodim14.png,768,512,1,imcs,imcs,imcs_omp_dct_shared_mean_lf4_int16_b8,IMCS OMP DCT shared + mean + LF4 int16,0,compression_ratio,0.08,1.876383,24.046444,0.725636,10.189833,0.1992,0.665896,92228,8,omp,dct,gaussian,shared,int16,True,4,gray,
kodak,kodim14,kodim14.png,768,512,1,imcs,imcs,imcs_omp_dct_shared_mean_lf4_int16_b8,IMCS OMP DCT shared + mean + LF4 int16,0,compression_ratio,0.12,2.376383,23.676078,0.712719,10.654222,0.209023,0.694219,116804,8,omp,dct,gaussian,shared,int16,True,4,gray,
kodak,kodim14,kodim14.png,768,512,1,imcs,imcs,imcs_omp_dct_shared_mean_lf4_int16_b8,IMCS OMP DCT shared + mean + LF4 int16,0,compression_ratio,0.16,3.126383,23.552565,0.752955,10.806928,0.225349,0.713774,153668,8,omp,dct,gaussian,shared,int16,True,4,gray,
kodak,kodim14,kodim14.png,768,512,1,imcs,imcs,imcs_omp_dct_shared_mean_lf4_int8_b8,IMCS OMP DCT shared + mean + LF4 int8,0,compression_ratio,0.08,1.251383,24.045757,0.725396,10.195804,0.19806,0.656138,61508,8,omp,dct,gaussian,shared,int8,True,4,gray,
kodak,kodim14,kodim14.png,768,512,1,imcs,imcs,imcs_omp_dct_shared_mean_lf4_int8_b8,IMCS OMP DCT shared + mean + LF4 int8,0,compression_ratio,0.12,1.501383,23.671327,0.711989,10.659934,0.201381,0.663405,73796,8,omp,dct,gaussian,shared,int8,True,4,gray,
kodak,kodim14,kodim14.png,768,512,1,imcs,imcs,imcs_omp_dct_shared_mean_lf4_int8_b8,IMCS OMP DCT shared + mean + LF4 int8,0,compression_ratio,0.16,1.876383,23.549753,0.753196,10.806215,0.21222,0.696197,92228,8,omp,dct,gaussian,shared,int8,True,4,gray,
kodak,kodim15,kodim15.png,768,512,1,jpeg,baseline,jpeg,JPEG,0,quality,50.0,0.606466,34.817105,0.91612,2.98202,0.000703,0.000547,29809,,,,,,,,,,
kodak,kodim15,kodim15.png,768,512,1,jpeg,baseline,jpeg,JPEG,0,quality,70.0,0.847738,36.666046,0.938607,2.451345,0.0007,0.000605,41668,,,,,,,,,,
kodak,kodim15,kodim15.png,768,512,1,imcs,imcs,imcs_omp_dct_shared_mean_lf4_float64_b8,IMCS OMP DCT shared + mean + LF4 float64,0,compression_ratio,0.08,5.626383,26.317081,0.842435,6.257406,0.195125,0.632922,276548,8,omp,dct,gaussian,shared,float64,True,4,gray,
kodak,kodim15,kodim15.png,768,512,1,imcs,imcs,imcs_omp_dct_shared_mean_lf4_float64_b8,IMCS OMP DCT shared + mean + LF4 float64,0,compression_ratio,0.12,7.626383,25.987069,0.832607,6.482578,0.201735,0.673035,374852,8,omp,dct,gaussian,shared,float64,True,4,gray,
kodak,kodim15,kodim15.png,768,512,1,imcs,imcs,imcs_omp_dct_shared_mean_lf4_float64_b8,IMCS OMP DCT shared + mean + LF4 float64,0,compression_ratio,0.16,10.626383,25.909122,0.841821,6.58786,0.209193,0.710955,522308,8,omp,dct,gaussian,shared,float64,True,4,gray,
kodak,kodim15,kodim15.png,768,512,1,imcs,imcs,imcs_omp_dct_shared_mean_lf4_int16_b8,IMCS OMP DCT shared + mean + LF4 int16,0,compression_ratio,0.08,1.876383,26.317074,0.842434,6.257436,0.19668,0.66285,92228,8,omp,dct,gaussian,shared,int16,True,4,gray,
kodak,kodim15,kodim15.png,768,512,1,imcs,imcs,imcs_omp_dct_shared_mean_lf4_int16_b8,IMCS OMP DCT shared + mean + LF4 int16,0,compression_ratio,0.12,2.376383,25.987062,0.832608,6.482642,0.201424,0.675824,116804,8,omp,dct,gaussian,shared,int16,True,4,gray,
kodak,kodim15,kodim15.png,768,512,1,imcs,imcs,imcs_omp_dct_shared_mean_lf4_int16_b8,IMCS OMP DCT shared + mean + LF4 int16,0,compression_ratio,0.16,3.126383,25.90902,0.841813,6.588111,0.207906,0.717116,153668,8,omp,dct,gaussian,shared,int16,True,4,gray,
kodak,kodim15,kodim15.png,768,512,1,imcs,imcs,imcs_omp_dct_shared_mean_lf4_int8_b8,IMCS OMP DCT shared + mean + LF4 int8,0,compression_ratio,0.08,1.251383,26.316046,0.842169,6.261419,0.19644,0.640484,61508,8,omp,dct,gaussian,shared,int8,True,4,gray,
kodak,kodim15,kodim15.png,768,512,1,imcs,imcs,imcs_omp_dct_shared_mean_lf4_int8_b8,IMCS OMP DCT shared + mean + LF4 int8,0,compression_ratio,0.12,1.501383,25.977866,0.831842,6.495374,0.200294,0.638519,73796,8,omp,dct,gaussian,shared,int8,True,4,gray,
kodak,kodim15,kodim15.png,768,512,1,imcs,imcs,imcs_omp_dct_shared_mean_lf4_int8_b8,IMCS OMP DCT shared + mean + LF4 int8,0,compression_ratio,0.16,1.876383,25.900487,0.841476,6.596464,0.208455,0.667043,92228,8,omp,dct,gaussian,shared,int8,True,4,gray,
kodak,kodim16,kodim16.png,768,512,1,jpeg,baseline,jpeg,JPEG,0,quality,50.0,0.713359,34.078506,0.913577,3.422147,0.000763,0.00063,35063,,,,,,,,,,
kodak,kodim16,kodim16.png,768,512,1,jpeg,baseline,jpeg,JPEG,0,quality,70.0,0.978923,35.936172,0.940059,2.779409,0.000751,0.000699,48116,,,,,,,,,,
kodak,kodim16,kodim16.png,768,512,1,imcs,imcs,imcs_omp_dct_shared_mean_lf4_float64_b8,IMCS OMP DCT shared + mean + LF4 float64,0,compression_ratio,0.08,5.626383,27.463833,0.752423,6.516083,0.214087,0.701038,276548,8,omp,dct,gaussian,shared,float64,True,4,gray,
kodak,kodim16,kodim16.png,768,512,1,imcs,imcs,imcs_omp_dct_shared_mean_lf4_float64_b8,IMCS OMP DCT shared + mean + LF4 float64,0,compression_ratio,0.12,7.626383,27.00865,0.750403,6.839637,0.222599,0.662955,374852,8,omp,dct,gaussian,shared,float64,True,4,gray,
kodak,kodim16,kodim16.png,768,512,1,imcs,imcs,imcs_omp_dct_shared_mean_lf4_float64_b8,IMCS OMP DCT shared + mean + LF4 float64,0,compression_ratio,0.16,10.626383,26.799146,0.758998,6.931545,0.2084,0.685004,522308,8,omp,dct,gaussian,shared,float64,True,4,gray,
kodak,kodim16,kodim16.png,768,512,1,imcs,imcs,imcs_omp_dct_shared_mean_lf4_int16_b8,IMCS OMP DCT shared + mean + LF4 int16,0,compression_ratio,0.08,1.876383,27.463848,0.752427,6.515992,0.198456,0.656052,92228,8,omp,dct,gaussian,shared,int16,True,4,gray,
kodak,kodim16,kodim16.png,768,512,1,imcs,imcs,imcs_omp_dct_shared_mean_lf4_int16_b8,IMCS OMP DCT shared + mean + LF4 int16,0,compression_ratio,0.12,2.376383,27.008645,0.750405,6.839641,0.201419,0.728228,116804,8,omp,dct,gaussian,shared,int16,True,4,gray,
kodak,kodim16,kodim16.png,768,512,1,imcs,imcs,imcs_omp_dct_shared_mean_lf4_int16_b8,IMCS OMP DCT shared + mean + LF4 int16,0,compression_ratio,0.16,3.126383,26.798813,0.758991,6.931777,0.213007,0.754073,153668,8,omp,dct,gaussian,shared,int16,True,4,gray,
kodak,kodim16,kodim16.png,768,512,1,imcs,imcs,imcs_omp_dct_shared_mean_lf4_int8_b8,IMCS OMP DCT shared + mean + LF4 int8,0,compression_ratio,0.08,1.251383,27.469097,0.752499,6.517103,0.204273,0.71776,61508,8,omp,dct,gaussian,shared,int8,True,4,gray,
kodak,kodim16,kodim16.png,768,512,1,imcs,imcs,imcs_omp_dct_shared_mean_lf4_int8_b8,IMCS OMP DCT shared + mean + LF4 int8,0,compression_ratio,0.12,1.501383,26.999495,0.753016,6.847704,0.204371,0.701497,73796,8,omp,dct,gaussian,shared,int8,True,4,gray,
kodak,kodim16,kodim16.png,768,512,1,imcs,imcs,imcs_omp_dct_shared_mean_lf4_int8_b8,IMCS OMP DCT shared + mean + LF4 int8,0,compression_ratio,0.16,1.876383,26.810739,0.755995,6.928748,0.208027,0.685042,92228,8,omp,dct,gaussian,shared,int8,True,4,gray,
kodak,kodim17,kodim17.png,512,768,1,jpeg,baseline,jpeg,JPEG,0,quality,50.0,0.709696,34.598197,0.924412,3.153687,0.000755,0.000614,34883,,,,,,,,,,
kodak,kodim17,kodim17.png,512,768,1,jpeg,baseline,jpeg,JPEG,0,quality,70.0,0.972941,36.477843,0.944895,2.594663,0.000742,0.000656,47822,,,,,,,,,,
kodak,kodim17,kodim17.png,512,768,1,imcs,imcs,imcs_omp_dct_shared_mean_lf4_float64_b8,IMCS OMP DCT shared + mean + LF4 float64,0,compression_ratio,0.08,5.626383,26.50855,0.841988,6.518061,0.194396,0.631597,276548,8,omp,dct,gaussian,shared,float64,True,4,gray,
kodak,kodim17,kodim17.png,512,768,1,imcs,imcs,imcs_omp_dct_shared_mean_lf4_float64_b8,IMCS OMP DCT shared + mean + LF4 float64,0,compression_ratio,0.12,7.626383,26.255993,0.824808,6.756753,0.198563,0.643355,374852,8,omp,dct,gaussian,shared,float64,True,4,gray,
kodak,kodim17,kodim17.png,512,768,1,imcs,imcs,imcs_omp_dct_shared_mean_lf4_float64_b8,IMCS OMP DCT shared + mean + LF4 float64,0,compression_ratio,0.16,10.626383,26.061255,0.842587,6.928385,0.207338,0.67635,522308,8,omp,dct,gaussian,shared,float64,True,4,gray,
kodak,kodim17,kodim17.png,512,768,1,imcs,imcs,imcs_omp_dct_shared_mean_lf4_int16_b8,IMCS OMP DCT shared + mean + LF4 int16,0,compression_ratio,0.08,1.876383,26.508535,0.841984,6.518161,0.196057,0.641835,92228,8,omp,dct,gaussian,shared,int16,True,4,gray,
kodak,kodim17,kodim17.png,512,768,1,imcs,imcs,imcs_omp_dct_shared_mean_lf4_int16_b8,IMCS OMP DCT shared + mean + LF4 int16,0,compression_ratio,0.12,2.376383,26.255657,0.824791,6.756877,0.198983,0.682745,116804,8,omp,dct,gaussian,shared,int16,True,4,gray,
kodak,kodim17,kodim17.png,512,768,1,imcs,imcs,imcs_omp_dct_shared_mean_lf4_int16_b8,IMCS OMP DCT shared + mean + LF4 int16,0,compression_ratio,0.16,3.126383,26.059839,0.84257,6.929469,0.212843,0.81692,153668,8,omp,dct,gaussian,shared,int16,True,4,gray,
kodak,kodim17,kodim17.png,512,768,1,imcs,imcs,imcs_omp_dct_shared_mean_lf4_int8_b8,IMCS OMP DCT shared + mean + LF4 int8,0,compression_ratio,0.08,1.251383,26.493772,0.841787,6.533165,0.195959,0.65435,61508,8,omp,dct,gaussian,shared,int8,True,4,gray,
kodak,kodim17,kodim17.png,512,768,1,imcs,imcs,imcs_omp_dct_shared_mean_lf4_int8_b8,IMCS OMP DCT shared + mean + LF4 int8,0,compression_ratio,0.12,1.501383,26.227941,0.824088,6.778432,0.201153,0.669488,73796,8,omp,dct,gaussian,shared,int8,True,4,gray,
kodak,kodim17,kodim17.png,512,768,1,imcs,imcs,imcs_omp_dct_shared_mean_lf4_int8_b8,IMCS OMP DCT shared + mean + LF4 int8,0,compression_ratio,0.16,1.876383,26.040035,0.84239,6.951705,0.291607,0.804431,92228,8,omp,dct,gaussian,shared,int8,True,4,gray,
kodak,kodim18,kodim18.png,512,768,1,jpeg,baseline,jpeg,JPEG,0,quality,50.0,1.009603,31.392776,0.899223,4.763102,0.000867,0.000807,49624,,,,,,,,,,
kodak,kodim18,kodim18.png,512,768,1,jpeg,baseline,jpeg,JPEG,0,quality,70.0,1.388896,33.438305,0.927864,3.872205,0.0008,0.000836,68267,,,,,,,,,,
kodak,kodim18,kodim18.png,512,768,1,imcs,imcs,imcs_omp_dct_shared_mean_lf4_float64_b8,IMCS OMP DCT shared + mean + LF4 float64,0,compression_ratio,0.08,5.626383,22.980061,0.750151,10.924182,0.196412,0.644765,276548,8,omp,dct,gaussian,shared,float64,True,4,gray,
kodak,kodim18,kodim18.png,512,768,1,imcs,imcs,imcs_omp_dct_shared_mean_lf4_float64_b8,IMCS OMP DCT shared + mean + LF4 float64,0,compression_ratio,0.12,7.626383,22.668848,0.733296,11.325529,0.198724,0.638991,374852,8,omp,dct,gaussian,shared,float64,True,4,gray,
kodak,kodim18,kodim18.png,512,768,1,imcs,imcs,imcs_omp_dct_shared_mean_lf4_float64_b8,IMCS OMP DCT shared + mean + LF4 float64,0,compression_ratio,0.16,10.626383,22.53828,0.75768,11.502868,0.206788,0.668973,522308,8,omp,dct,gaussian,shared,float64,True,4,gray,
kodak,kodim18,kodim18.png,512,768,1,imcs,imcs,imcs_omp_dct_shared_mean_lf4_int16_b8,IMCS OMP DCT shared + mean + LF4 int16,0,compression_ratio,0.08,1.876383,22.978625,0.750099,10.925962,0.195343,0.621409,92228,8,omp,dct,gaussian,shared,int16,True,4,gray,
kodak,kodim18,kodim18.png,512,768,1,imcs,imcs,imcs_omp_dct_shared_mean_lf4_int16_b8,IMCS OMP DCT shared + mean + LF4 int16,0,compression_ratio,0.12,2.376383,22.668822,0.733292,11.325703,0.228329,0.717193,116804,8,omp,dct,gaussian,shared,int16,True,4,gray,
kodak,kodim18,kodim18.png,512,768,1,imcs,imcs,imcs_omp_dct_shared_mean_lf4_int16_b8,IMCS OMP DCT shared + mean + LF4 int16,0,compression_ratio,0.16,3.126383,22.537417,0.75763,11.504437,0.208348,0.686084,153668,8,omp,dct,gaussian,shared,int16,True,4,gray,
kodak,kodim18,kodim18.png,512,768,1,imcs,imcs,imcs_omp_dct_shared_mean_lf4_int8_b8,IMCS OMP DCT shared + mean + LF4 int8,0,compression_ratio,0.08,1.251383,22.982128,0.750003,10.92658,0.198546,0.654782,61508,8,omp,dct,gaussian,shared,int8,True,4,gray,
kodak,kodim18,kodim18.png,512,768,1,imcs,imcs,imcs_omp_dct_shared_mean_lf4_int8_b8,IMCS OMP DCT shared + mean + LF4 int8,0,compression_ratio,0.12,1.501383,22.666512,0.733165,11.340055,0.201462,0.677813,73796,8,omp,dct,gaussian,shared,int8,True,4,gray,
kodak,kodim18,kodim18.png,512,768,1,imcs,imcs,imcs_omp_dct_shared_mean_lf4_int8_b8,IMCS OMP DCT shared + mean + LF4 int8,0,compression_ratio,0.16,1.876383,22.518579,0.756165,11.545482,0.243929,0.7661,92228,8,omp,dct,gaussian,shared,int8,True,4,gray,
kodak,kodim19,kodim19.png,512,768,1,jpeg,baseline,jpeg,JPEG,0,quality,50.0,0.798421,33.170055,0.906784,3.870646,0.000734,0.000653,39244,,,,,,,,,,
kodak,kodim19,kodim19.png,512,768,1,jpeg,baseline,jpeg,JPEG,0,quality,70.0,1.095561,34.974006,0.931982,3.184728,0.000754,0.000728,53849,,,,,,,,,,
kodak,kodim19,kodim19.png,512,768,1,imcs,imcs,imcs_omp_dct_shared_mean_lf4_float64_b8,IMCS OMP DCT shared + mean + LF4 float64,0,compression_ratio,0.08,5.626383,22.614765,0.751568,10.009439,0.195735,0.66195,276548,8,omp,dct,gaussian,shared,float64,True,4,gray,
kodak,kodim19,kodim19.png,512,768,1,imcs,imcs,imcs_omp_dct_shared_mean_lf4_float64_b8,IMCS OMP DCT shared + mean + LF4 float64,0,compression_ratio,0.12,7.626383,22.70244,0.752795,10.055187,0.200769,0.671737,374852,8,omp,dct,gaussian,shared,float64,True,4,gray,
kodak,kodim19,kodim19.png,512,768,1,imcs,imcs,imcs_omp_dct_shared_mean_lf4_float64_b8,IMCS OMP DCT shared + mean + LF4 float64,0,compression_ratio,0.16,10.626383,22.64428,0.776795,10.089658,0.207964,0.713002,522308,8,omp,dct,gaussian,shared,float64,True,4,gray,
kodak,kodim19,kodim19.png,512,768,1,imcs,imcs,imcs_omp_dct_shared_mean_lf4_int16_b8,IMCS OMP DCT shared + mean + LF4 int16,0,compression_ratio,0.08,1.876383,22.614854,0.751574,10.009289,0.197509,0.672046,92228,8,omp,dct,gaussian,shared,int16,True,4,gray,
kodak,kodim19,kodim19.png,512,768,1,imcs,imcs,imcs_omp_dct_shared_mean_lf4_int16_b8,IMCS OMP DCT shared + mean + LF4 int16,0,compression_ratio,0.12,2.376383,22.702492,0.752804,10.055002,0.200883,0.675658,116804,8,omp,dct,gaussian,shared,int16,True,4,gray,
kodak,kodim19,kodim19.png,512,768,1,imcs,imcs,imcs_omp_dct_shared_mean_lf4_int16_b8,IMCS OMP DCT shared + mean + LF4 int16,0,compression_ratio,0.16,3.126383,22.644769,0.776817,10.089002,0.209088,0.725148,153668,8,omp,dct,gaussian,shared,int16,True,4,gray,
kodak,kodim19,kodim19.png,512,768,1,imcs,imcs,imcs_omp_dct_shared_mean_lf4_int8_b8,IMCS OMP DCT shared + mean + LF4 int8,0,compression_ratio,0.08,1.251383,22.618284,0.751604,10.007596,0.193471,0.648134,61508,8,omp,dct,gaussian,shared,int8,True,4,gray,
kodak,kodim19,kodim19.png,512,768,1,imcs,imcs,imcs_omp_dct_shared_mean_lf4_int8_b8,IMCS OMP DCT shared + mean + LF4 int8,0,compression_ratio,0.12,1.501383,22.693498,0.752406,10.067567,0.198867,0.70209,73796,8,omp,dct,gaussian,shared,int8,True,4,gray,
kodak,kodim19,kodim19.png,512,768,1,imcs,imcs,imcs_omp_dct_shared_mean_lf4_int8_b8,IMCS OMP DCT shared + mean + LF4 int8,0,compression_ratio,0.16,1.876383,22.65125,0.776424,10.082634,0.212016,0.74271,92228,8,omp,dct,gaussian,shared,int8,True,4,gray,
kodak,kodim20,kodim20.png,768,512,1,jpeg,baseline,jpeg,JPEG,0,quality,50.0,0.553019,34.782781,0.93587,2.640849,0.000641,0.00051,27182,,,,,,,,,,
kodak,kodim20,kodim20.png,768,512,1,jpeg,baseline,jpeg,JPEG,0,quality,70.0,0.748901,36.655477,0.952539,2.150688,0.00067,0.000554,36810,,,,,,,,,,
kodak,kodim20,kodim20.png,768,512,1,imcs,imcs,imcs_omp_dct_shared_mean_lf4_float64_b8,IMCS OMP DCT shared + mean + LF4 float64,0,compression_ratio,0.08,5.626383,25.664446,0.876802,5.836255,0.198611,0.681708,276548,8,omp,dct,gaussian,shared,float64,True,4,gray,
kodak,kodim20,kodim20.png,768,512,1,imcs,imcs,imcs_omp_dct_shared_mean_lf4_float64_b8,IMCS OMP DCT shared + mean + LF4 float64,0,compression_ratio,0.12,7.626383,25.393895,0.874099,6.031361,0.204364,0.717426,374852,8,omp,dct,gaussian,shared,float64,True,4,gray,
kodak,kodim20,kodim20.png,768,512,1,imcs,imcs,imcs_omp_dct_shared_mean_lf4_float64_b8,IMCS OMP DCT shared + mean + LF4 float64,0,compression_ratio,0.16,10.626383,25.22815,0.868532,6.183966,0.258084,0.761235,522308,8,omp,dct,gaussian,shared,float64,True,4,gray,
kodak,kodim20,kodim20.png,768,512,1,imcs,imcs,imcs_omp_dct_shared_mean_lf4_int16_b8,IMCS OMP DCT shared + mean + LF4 int16,0,compression_ratio,0.08,1.876383,25.66444,0.876802,5.836316,0.198504,0.666345,92228,8,omp,dct,gaussian,shared,int16,True,4,gray,
kodak,kodim20,kodim20.png,768,512,1,imcs,imcs,imcs_omp_dct_shared_mean_lf4_int16_b8,IMCS OMP DCT shared + mean + LF4 int16,0,compression_ratio,0.12,2.376383,25.39372,0.87409,6.031827,0.202563,0.663716,116804,8,omp,dct,gaussian,shared,int16,True,4,gray,
kodak,kodim20,kodim20.png,768,512,1,imcs,imcs,imcs_omp_dct_shared_mean_lf4_int16_b8,IMCS OMP DCT shared + mean + LF4 int16,0,compression_ratio,0.16,3.126383,25.228143,0.868531,6.184175,0.209185,0.69576,153668,8,omp,dct,gaussian,shared,int16,True,4,gray,
kodak,kodim20,kodim20.png,768,512,1,imcs,imcs,imcs_omp_dct_shared_mean_lf4_int8_b8,IMCS OMP DCT shared + mean + LF4 int8,0,compression_ratio,0.08,1.251383,25.664101,0.876774,5.826656,0.196966,0.629168,61508,8,omp,dct,gaussian,shared,int8,True,4,gray,
kodak,kodim20,kodim20.png,768,512,1,imcs,imcs,imcs_omp_dct_shared_mean_lf4_int8_b8,IMCS OMP DCT shared + mean + LF4 int8,0,compression_ratio,0.12,1.501383,25.385494,0.874042,6.028983,0.202406,0.65653,73796,8,omp,dct,gaussian,shared,int8,True,4,gray,
kodak,kodim20,kodim20.png,768,512,1,imcs,imcs,imcs_omp_dct_shared_mean_lf4_int8_b8,IMCS OMP DCT shared + mean + LF4 int8,0,compression_ratio,0.16,1.876383,25.221128,0.868096,6.19432,0.212241,0.693082,92228,8,omp,dct,gaussian,shared,int8,True,4,gray,
kodak,kodim21,kodim21.png,768,512,1,jpeg,baseline,jpeg,JPEG,0,quality,50.0,0.798401,32.256409,0.920578,4.059853,0.00073,0.000628,39243,,,,,,,,,,
kodak,kodim21,kodim21.png,768,512,1,jpeg,baseline,jpeg,JPEG,0,quality,70.0,1.098348,34.180861,0.940498,3.344727,0.000738,0.000697,53986,,,,,,,,,,
kodak,kodim21,kodim21.png,768,512,1,imcs,imcs,imcs_omp_dct_shared_mean_lf4_float64_b8,IMCS OMP DCT shared + mean + LF4 float64,0,compression_ratio,0.08,5.626383,23.988749,0.7826,8.902398,0.200815,0.65217,276548,8,omp,dct,gaussian,shared,float64,True,4,gray,
kodak,kodim21,kodim21.png,768,512,1,imcs,imcs,imcs_omp_dct_shared_mean_lf4_float64_b8,IMCS OMP DCT shared + mean + LF4 float64,0,compression_ratio,0.12,7.626383,23.640871,0.796357,9.271705,0.205961,0.662628,374852,8,omp,dct,gaussian,shared,float64,True,4,gray,
kodak,kodim21,kodim21.png,768,512,1,imcs,imcs,imcs_omp_dct_shared_mean_lf4_float64_b8,IMCS OMP DCT shared + mean + LF4 float64,0,compression_ratio,0.16,10.626383,23.426636,0.79735,9.491374,0.208302,0.707145,522308,8,omp,dct,gaussian,shared,float64,True,4,gray,
kodak,kodim21,kodim21.png,768,512,1,imcs,imcs,imcs_omp_dct_shared_mean_lf4_int16_b8,IMCS OMP DCT shared + mean + LF4 int16,0,compression_ratio,0.08,1.876383,23.988768,0.782605,8.902265,0.197227,0.665167,92228,8,omp,dct,gaussian,shared,int16,True,4,gray,
kodak,kodim21,kodim21.png,768,512,1,imcs,imcs,imcs_omp_dct_shared_mean_lf4_int16_b8,IMCS OMP DCT shared + mean + LF4 int16,0,compression_ratio,0.12,2.376383,23.640902,0.796357,9.271687,0.201397,0.669489,116804,8,omp,dct,gaussian,shared,int16,True,4,gray,
kodak,kodim21,kodim21.png,768,512,1,imcs,imcs,imcs_omp_dct_shared_mean_lf4_int16_b8,IMCS OMP DCT shared + mean + LF4 int16,0,compression_ratio,0.16,3.126383,23.426868,0.797354,9.491177,0.207898,0.688791,153668,8,omp,dct,gaussian,shared,int16,True,4,gray,
kodak,kodim21,kodim21.png,768,512,1,imcs,imcs,imcs_omp_dct_shared_mean_lf4_int8_b8,IMCS OMP DCT shared + mean + LF4 int8,0,compression_ratio,0.08,1.251383,23.988297,0.782825,8.910688,0.194439,0.629788,61508,8,omp,dct,gaussian,shared,int8,True,4,gray,
kodak,kodim21,kodim21.png,768,512,1,imcs,imcs,imcs_omp_dct_shared_mean_lf4_int8_b8,IMCS OMP DCT shared + mean + LF4 int8,0,compression_ratio,0.12,1.501383,23.636827,0.795914,9.293193,0.199206,0.64052,73796,8,omp,dct,gaussian,shared,int8,True,4,gray,
kodak,kodim21,kodim21.png,768,512,1,imcs,imcs,imcs_omp_dct_shared_mean_lf4_int8_b8,IMCS OMP DCT shared + mean + LF4 int8,0,compression_ratio,0.16,1.876383,23.430392,0.797136,9.500116,0.207255,0.676845,92228,8,omp,dct,gaussian,shared,int8,True,4,gray,
kodak,kodim22,kodim22.png,768,512,1,jpeg,baseline,jpeg,JPEG,0,quality,50.0,0.802307,33.229525,0.89873,3.880063,0.000743,0.000629,39435,,,,,,,,,,
kodak,kodim22,kodim22.png,768,512,1,jpeg,baseline,jpeg,JPEG,0,quality,70.0,1.117981,34.986057,0.927764,3.20387,0.000752,0.000812,54951,,,,,,,,,,
kodak,kodim22,kodim22.png,768,512,1,imcs,imcs,imcs_omp_dct_shared_mean_lf4_float64_b8,IMCS OMP DCT shared + mean + LF4 float64,0,compression_ratio,0.08,5.626383,25.344585,0.737373,8.185208,0.194723,0.629777,276548,8,omp,dct,gaussian,shared,float64,True,4,gray,
kodak,kodim22,kodim22.png,768,512,1,imcs,imcs,imcs_omp_dct_shared_mean_lf4_float64_b8,IMCS OMP DCT shared + mean + LF4 float64,0,compression_ratio,0.12,7.626383,25.196992,0.739458,8.388252,0.199011,0.697013,374852,8,omp,dct,gaussian,shared,float64,True,4,gray,
kodak,kodim22,kodim22.png,768,512,1,imcs,imcs,imcs_omp_dct_shared_mean_lf4_float64_b8,IMCS OMP DCT shared + mean + LF4 float64,0,compression_ratio,0.16,10.626383,25.0663,0.748041,8.519671,0.218454,0.760825,522308,8,omp,dct,gaussian,shared,float64,True,4,gray,
kodak,kodim22,kodim22.png,768,512,1,imcs,imcs,imcs_omp_dct_shared_mean_lf4_int16_b8,IMCS OMP DCT shared + mean + LF4 int16,0,compression_ratio,0.08,1.876383,25.344739,0.737382,8.185125,0.227848,0.75484,92228,8,omp,dct,gaussian,shared,int16,True,4,gray,
kodak,kodim22,kodim22.png,768,512,1,imcs,imcs,imcs_omp_dct_shared_mean_lf4_int16_b8,IMCS OMP DCT shared + mean + LF4 int16,0,compression_ratio,0.12,2.376383,25.197642,0.739492,8.387572,0.20795,0.708989,116804,8,omp,dct,gaussian,shared,int16,True,4,gray,
kodak,kodim22,kodim22.png,768,512,1,imcs,imcs,imcs_omp_dct_shared_mean_lf4_int16_b8,IMCS OMP DCT shared + mean + LF4 int16,0,compression_ratio,0.16,3.126383,25.065892,0.74801,8.520433,0.21248,0.743306,153668,8,omp,dct,gaussian,shared,int16,True,4,gray,
kodak,kodim22,kodim22.png,768,512,1,imcs,imcs,imcs_omp_dct_shared_mean_lf4_int8_b8,IMCS OMP DCT shared + mean + LF4 int8,0,compression_ratio,0.08,1.251383,25.345387,0.737085,8.191097,0.200573,0.689473,61508,8,omp,dct,gaussian,shared,int8,True,4,gray,
kodak,kodim22,kodim22.png,768,512,1,imcs,imcs,imcs_omp_dct_shared_mean_lf4_int8_b8,IMCS OMP DCT shared + mean + LF4 int8,0,compression_ratio,0.12,1.501383,25.189507,0.738745,8.399874,0.202466,0.672662,73796,8,omp,dct,gaussian,shared,int8,True,4,gray,
kodak,kodim22,kodim22.png,768,512,1,imcs,imcs,imcs_omp_dct_shared_mean_lf4_int8_b8,IMCS OMP DCT shared + mean + LF4 int8,0,compression_ratio,0.16,1.876383,25.050916,0.748005,8.527564,0.2096,0.696485,92228,8,omp,dct,gaussian,shared,int8,True,4,gray,
kodak,kodim23,kodim23.png,768,512,1,jpeg,baseline,jpeg,JPEG,0,quality,50.0,0.469421,37.767954,0.944326,2.163399,0.000643,0.000435,23073,,,,,,,,,,
kodak,kodim23,kodim23.png,768,512,1,jpeg,baseline,jpeg,JPEG,0,quality,70.0,0.642069,39.491498,0.95721,1.816686,0.000663,0.00053,31559,,,,,,,,,,
kodak,kodim23,kodim23.png,768,512,1,imcs,imcs,imcs_omp_dct_shared_mean_lf4_float64_b8,IMCS OMP DCT shared + mean + LF4 float64,0,compression_ratio,0.08,5.626383,28.372718,0.898934,4.235979,0.19169,0.649988,276548,8,omp,dct,gaussian,shared,float64,True,4,gray,
kodak,kodim23,kodim23.png,768,512,1,imcs,imcs,imcs_omp_dct_shared_mean_lf4_float64_b8,IMCS OMP DCT shared + mean + LF4 float64,0,compression_ratio,0.12,7.626383,28.102671,0.900135,4.347438,0.203907,0.663541,374852,8,omp,dct,gaussian,shared,float64,True,4,gray,
kodak,kodim23,kodim23.png,768,512,1,imcs,imcs,imcs_omp_dct_shared_mean_lf4_float64_b8,IMCS OMP DCT shared + mean + LF4 float64,0,compression_ratio,0.16,10.626383,28.059845,0.911278,4.395605,0.212556,0.673487,522308,8,omp,dct,gaussian,shared,float64,True,4,gray,
kodak,kodim23,kodim23.png,768,512,1,imcs,imcs,imcs_omp_dct_shared_mean_lf4_int16_b8,IMCS OMP DCT shared + mean + LF4 int16,0,compression_ratio,0.08,1.876383,28.37278,0.898943,4.235774,0.196373,0.62314,92228,8,omp,dct,gaussian,shared,int16,True,4,gray,
kodak,kodim23,kodim23.png,768,512,1,imcs,imcs,imcs_omp_dct_shared_mean_lf4_int16_b8,IMCS OMP DCT shared + mean + LF4 int16,0,compression_ratio,0.12,2.376383,28.102801,0.900146,4.347154,0.199921,0.65261,116804,8,omp,dct,gaussian,shared,int16,True,4,gray,
kodak,kodim23,kodim23.png,768,512,1,imcs,imcs,imcs_omp_dct_shared_mean_lf4_int16_b8,IMCS OMP DCT shared + mean + LF4 int16,0,compression_ratio,0.16,3.126383,28.059843,0.911277,4.395767,0.206789,0.679959,153668,8,omp,dct,gaussian,shared,int16,True,4,gray,
kodak,kodim23,kodim23.png,768,512,1,imcs,imcs,imcs_omp_dct_shared_mean_lf4_int8_b8,IMCS OMP DCT shared + mean + LF4 int8,0,compression_ratio,0.08,1.251383,28.374798,0.899748,4.249083,0.194865,0.647902,61508,8,omp,dct,gaussian,shared,int8,True,4,gray,
kodak,kodim23,kodim23.png,768,512,1,imcs,imcs,imcs_omp_dct_shared_mean_lf4_int8_b8,IMCS OMP DCT shared + mean + LF4 int8,0,compression_ratio,0.12,1.501383,28.088104,0.901008,4.373155,0.200591,0.706204,73796,8,omp,dct,gaussian,shared,int8,True,4,gray,
kodak,kodim23,kodim23.png,768,512,1,imcs,imcs,imcs_omp_dct_shared_mean_lf4_int8_b8,IMCS OMP DCT shared + mean + LF4 int8,0,compression_ratio,0.16,1.876383,28.051234,0.910557,4.42702,0.213728,0.731751,92228,8,omp,dct,gaussian,shared,int8,True,4,gray,
kodak,kodim24,kodim24.png,768,512,1,jpeg,baseline,jpeg,JPEG,0,quality,50.0,1.014058,31.33291,0.911985,4.547712,0.000779,0.000723,49843,,,,,,,,,,
kodak,kodim24,kodim24.png,768,512,1,jpeg,baseline,jpeg,JPEG,0,quality,70.0,1.375997,33.598116,0.939003,3.59904,0.000784,0.000834,67633,,,,,,,,,,
kodak,kodim24,kodim24.png,768,512,1,imcs,imcs,imcs_omp_dct_shared_mean_lf4_float64_b8,IMCS OMP DCT shared + mean + LF4 float64,0,compression_ratio,0.08,5.626383,22.259886,0.707917,11.327222,0.195074,0.657487,276548,8,omp,dct,gaussian,shared,float64,True,4,gray,
kodak,kodim24,kodim24.png,768,512,1,imcs,imcs,imcs_omp_dct_shared_mean_lf4_float64_b8,IMCS OMP DCT shared + mean + LF4 float64,0,compression_ratio,0.12,7.626383,21.990857,0.712281,11.680431,0.200708,0.671126,374852,8,omp,dct,gaussian,shared,float64,True,4,gray,
kodak,kodim24,kodim24.png,768,512,1,imcs,imcs,imcs_omp_dct_shared_mean_lf4_float64_b8,IMCS OMP DCT shared + mean + LF4 float64,0,compression_ratio,0.16,10.626383,21.840656,0.731025,11.897389,0.20955,0.708747,522308,8,omp,dct,gaussian,shared,float64,True,4,gray,
kodak,kodim24,kodim24.png,768,512,1,imcs,imcs,imcs_omp_dct_shared_mean_lf4_int16_b8,IMCS OMP DCT shared + mean + LF4 int16,0,compression_ratio,0.08,1.876383,22.259939,0.70793,11.326854,0.204406,0.645489,92228,8,omp,dct,gaussian,shared,int16,True,4,gray,
kodak,kodim24,kodim24.png,768,512,1,imcs,imcs,imcs_omp_dct_shared_mean_lf4_int16_b8,IMCS OMP DCT shared + mean + LF4 int16,0,compression_ratio,0.12,2.376383,21.990474,0.712264,11.681133,0.215392,0.647009,116804,8,omp,dct,gaussian,shared,int16,True,4,gray,
kodak,kodim24,kodim24.png,768,512,1,imcs,imcs,imcs_omp_dct_shared_mean_lf4_int16_b8,IMCS OMP DCT shared + mean + LF4 int16,0,compression_ratio,0.16,3.126383,21.84043,0.731016,11.89781,0.206078,0.672357,153668,8,omp,dct,gaussian,shared,int16,True,4,gray,
kodak,kodim24,kodim24.png,768,512,1,imcs,imcs,imcs_omp_dct_shared_mean_lf4_int8_b8,IMCS OMP DCT shared + mean + LF4 int8,0,compression_ratio,0.08,1.251383,22.255721,0.707531,11.334162,0.195178,0.619978,61508,8,omp,dct,gaussian,shared,int8,True,4,gray,
kodak,kodim24,kodim24.png,768,512,1,imcs,imcs,imcs_omp_dct_shared_mean_lf4_int8_b8,IMCS OMP DCT shared + mean + LF4 int8,0,compression_ratio,0.12,1.501383,21.992854,0.712237,11.680394,0.201174,0.636746,73796,8,omp,dct,gaussian,shared,int8,True,4,gray,
kodak,kodim24,kodim24.png,768,512,1,imcs,imcs,imcs_omp_dct_shared_mean_lf4_int8_b8,IMCS OMP DCT shared + mean + LF4 int8,0,compression_ratio,0.16,1.876383,21.849464,0.730568,11.913614,0.206963,0.707156,92228,8,omp,dct,gaussian,shared,int8,True,4,gray,
